filename,activity_id,activities,watch_loc,path_idx,step_count,ax_mean,ax_std,ax_max,ax_min,ax_rms,ax_zcr,ay_mean,ay_std,ay_max,ay_min,ay_rms,ay_zcr,az_mean,az_std,az_max,az_min,az_rms,az_zcr,mag_mean,mag_std,mag_max,mag_min,mag_rms,mag_zcr,mag_energy_walking,mag_energy_running,mag_dom_freq,gx_std,gx_mean,gy_std,gy_mean,gz_std,gz_mean,altitude
train_trace_053.pkl,0,"[0, 1, 2]",2,3,-1.0,-0.1609351296691722,0.8296979579821472,1.99993896484375,-2.0,0.8451620066243976,0.06640462836196617,1.1835188668888796,0.5631632854599197,1.99993896484375,-2.0,1.3106753199675154,0.0555580090977344,-0.1214023803572927,0.421875526263137,1.99951171875,-2.0,0.43899601093428575,0.144150510091419,1.47413772571073,0.6721637263836381,3.4641016151377544,0.03665200518317864,1.6201500268276214,0.03427107715408736,1954566843.7019548,279526126.4594207,0.0035352178032534887,48.951478971803354,9.032864702698065,69.28619500146972,1.1506193839203105,190.84033246661457,-1.8430431391843771,431.08836789780054
train_trace_047.pkl,0,"[0, 1, 2, 3]",2,4,,0.2759343696764648,0.7845042313418725,1.999939,-2.0,0.8316168981941445,0.06995769855306298,1.0725621412911643,0.6885494814878458,1.999939,-2.0,1.2745547988957828,0.06797190935699732,-0.0050326676530762825,0.580099952777589,1.9992676,-2.0,0.5801217828665524,0.1050916876105371,1.4640560161488436,0.7135529870198594,3.4641016151377544,0.06837070936704569,1.6286859377137715,0.048093332092215085,1329162064.1971903,217720007.99521655,0.004140460929423448,115.13648090993644,-5.603944794821488,64.44043455310891,-4.2844916199236405,173.61727694617497,-1.2723612333603551,474.1590546525553
train_trace_090.pkl,1,"[1, 3]",0,3,155.0,-0.645131616293225,0.4781867321427248,1.99993896484375,-2.0,0.8030301072428399,0.12302506846429324,0.4307370164835116,0.421175982702548,1.99993896484375,-2.0,0.6024313950771274,0.11719142454343634,0.44008247488237956,0.38734315146584986,1.9990234375,-2.0,0.5862655556026608,0.10636677415695743,1.093282735982192,0.3952481496508363,3.4641016151377544,0.03306911576825258,1.1625352642389466,0.1441882322438463,36588999.74470298,28245088.70221938,0.003244225173262216,26.61123403273582,0.2617446567099237,45.568031658843545,0.33764348365124996,42.2762585153248,-1.0737435694707624,426.7624312743353
train_trace_084.pkl,1,[1],1,4,,-0.6270937593079354,0.33000908686322433,1.12255859375,-2.0,0.7086272506581002,0.07919559855814835,0.6232515134065691,0.41254970518693335,1.99993896484375,-1.68603515625,0.7474220415624659,0.1064845380383229,-0.38173368684639913,0.5042997875414266,1.974853515625,-2.0,0.6324862713037119,0.09376588882564978,1.1172871603424668,0.4609778447064483,3.4640311381684463,0.06808372507095475,1.2086484898333076,0.06945930563460444,780213690.0304676,437628124.2564504,1.6886145938138277,133.3477976457138,0.39444472269852104,90.93815727774543,-0.8293248427151592,83.33934993934932,2.6259734944384787,426.5223526384953
train_trace_251.pkl,1,"[1, 3]",0,2,293.0,-0.508405266164692,0.46318466076488357,1.999939,-2.0,0.6877615463457313,0.025797926165787688,0.15353189811506515,0.5146741885602127,1.999939,-2.0,0.5370861794059945,0.028417004964344815,0.46767913534137273,0.447917311854933,1.982666,-2.0,0.6475752403335101,0.032071810378694984,1.048614241658324,0.2850252143673282,3.4641016151377544,0.0867056735768417,1.0866605728716778,0.10954892320146668,145157617.48084885,35859468.5440135,1.8959648655402548,42.156435758486175,1.8971706568375597,49.9215182658599,-0.3701257247389405,34.09057854691447,-1.7303299685885236,437.9451792689732
train_trace_245.pkl,1,"[1, 2]",2,1,-1.0,-0.13067783867314955,0.9272720380058121,1.99993896484375,-2.0,0.9364347975100764,0.07286310602054479,-1.2543397225312132,0.5797426318126601,1.99993896484375,-2.0,1.3818356120250883,0.08039019340901675,0.0690945808142826,0.42774811885595515,1.99658203125,-2.0,0.43329264277472995,0.11516781241913163,1.5848507757946007,0.6799781771457454,3.4641016151377544,0.06574639491071814,1.7245643806281046,0.04811035227669078,1229424630.66749,218195989.06073004,0.0022229934662281268,64.12282906692845,2.3992656910344357,82.08046642684432,5.105946366578797,214.30228548591955,1.107180515567426,432.0482890132238
train_trace_279.pkl,0,"[0, 1]",0,4,-1.0,-0.5189225376362456,0.2705400459043003,1.99993896484375,-2.0,0.5852115143302818,0.028452488174345956,0.565818396624244,0.6119554220544308,1.99993896484375,-1.221435546875,0.833450596340447,0.017133901153843428,0.005377576094973335,0.3928184080344734,1.925048828125,-2.0,0.39285521507979915,0.020821661335962045,1.0366069187915068,0.34189724914652664,3.4640663768323336,0.15581719537630936,1.0915345313183564,0.031260859389959365,976165807.9199426,133510867.74073054,1.881516906322635,38.84629207739395,-0.14917974667910022,69.0468129661033,-0.35413997229850214,38.470032390921894,1.6836487555712154,424.35114200809966
train_trace_292.pkl,1,[1],0,4,,-0.8921302306694492,0.30549643438446106,-0.091064453125,-2.0,0.9429869669809567,0.02226448247867525,-0.08240194083108597,0.151720750549494,0.886962890625,-0.765869140625,0.1726536011788679,0.03149501217762653,-0.45715350222333045,0.24594551561225061,0.080078125,-1.82666015625,0.5191132065790972,0.028047464940668825,1.0271882601936173,0.3652348357717501,2.69558510991173,0.2828060128326794,1.0901890694465837,0.02199757559581401,498079720.4433327,30814828.50427732,2.1145369693069913,28.06469640780524,0.5198507546530076,31.76169242840732,0.535451644680254,20.917897825776745,1.2577903652530549,425.5480949550901
train_trace_286.pkl,1,[1],2,4,,0.08978739898768585,0.8581972974215533,1.99993896484375,-2.0,0.8628814393174951,0.08419892313562556,1.139759748409956,0.6079084048346692,1.99993896484375,-2.0,1.2917449100980263,0.06042311442743884,0.20983334102586626,0.46844002647670746,1.99951171875,-2.0,0.5132894791553553,0.13819476830457456,1.4798907128297922,0.6975377112203297,3.4640663768323336,0.016833314624939647,1.6360425973960353,0.04814516470937381,2717871059.9880247,209769407.4417053,1.8487831056575055,44.29200567091157,-5.710199428791754,84.75842945764771,-1.3696417978669972,185.2069233000518,-0.43464984616921465,427.4377180415573
train_trace_325.pkl,1,[1],2,0,-1.0,0.31016938512703673,0.9994281103087742,1.99993896484375,-2.0,1.0464519077078753,0.06901282118925764,-0.2988640531732216,0.6762367663731326,1.99993896484375,-2.0,0.7393347594114029,0.0880825500674601,0.5115991202288644,1.0179680634249562,1.999755859375,-2.0,1.1392947985364033,0.10457447369809529,1.5617924106391745,0.7074422843323319,3.4641016151377544,0.036402341444562114,1.7145466221691006,0.062168823631388925,2343293006.438725,926673789.3735272,0.8894812054684,137.49938660045214,-17.88809744563013,240.3383179779737,2.53678587284631,155.48130865442613,2.1216308098741044,429.83188249897916
train_trace_331.pkl,1,[1],1,4,,0.06166059692479771,0.24589598834201679,1.56884765625,-1.139892578125,0.2535091049564485,0.05701009739969618,0.9843656968653818,0.3862763960387065,1.99993896484375,-0.412109375,1.0574428019055784,0.053763440860215055,-0.2752066862971372,0.2844449158045159,0.425537109375,-1.99993896484375,0.39578735491383377,0.03962509556290273,1.077952543200591,0.42085400142425505,3.049404337877324,0.023595910383939923,1.1571947873661672,0.04974235248562833,650414038.4044954,122423127.91021058,1.8771350902119905,30.959875207688096,0.2851178666918499,38.804753034111,0.13927280950205395,38.55205997263887,1.2741950885751496,427.26393821102755
train_trace_319.pkl,1,"[1, 2]",1,0,,-0.8663215510622625,0.47492814075534534,1.3127441,-2.0,0.987962432846641,0.038324759926482585,0.4589741768694039,0.42617531577441714,1.999939,-2.0,0.6263247518726776,0.08027101390958227,0.17723777868523394,0.4784306791345041,1.9992676,-2.0,0.5102050028472661,0.0808691585735881,1.1421797806469436,0.5692863577640894,3.464066397129391,0.03427807464988197,1.2761902712585624,0.04552424660960729,703762466.82949,364037399.7598576,2.1935455563372432,81.64600647464852,0.5056966347560466,84.84509018558288,-1.0440880157973618,47.29094796772811,1.3927280840787368,487.0288658162003
train_trace_127.pkl,0,"[0, 1, 3]",1,3,287.0,-0.45055182492248175,0.1776092243831312,0.52734375,-2.0,0.4842953474141127,0.040658091381710885,-0.4056043408532438,0.21799234709970738,1.633544921875,-1.8681640625,0.46047317480286915,0.054542899842885795,-0.8254406638801305,0.21870897098235148,0.06103515625,-1.99993896484375,0.8539238277358406,0.038690970403770744,1.0517636577441771,0.2637359286551776,2.7605061762470675,0.09713667936075376,1.0843262570900971,0.03911249632761506,148741956.36087167,53495473.38295224,1.9677543678202516,27.478867096715902,0.6981519694808751,18.05915773880951,-2.2537224428701954,21.80122255654775,-1.4775839656889864,424.45370975656493
train_trace_133.pkl,1,[1],2,1,,-0.1031080249025066,0.7303791301454421,1.99993896484375,-2.0,0.7376211348323124,0.09595197398590903,-1.1642748879521228,0.5292221725521776,1.99993896484375,-2.0,1.278910521747622,0.07394838871055155,-0.011777501732206395,0.40461271229635976,1.995849609375,-2.0,0.4047840862717665,0.1330970942593905,1.3935902653572407,0.6336034958777351,3.4641016151377544,0.01953277581930626,1.5308648593807854,0.0552382540542794,2221302242.1409125,132474652.33689092,1.8540069616338264,96.91748593585164,6.931973368788223,62.625908763926056,4.970253213619855,182.6987251951246,3.5418466671808297,435.2960017429079
train_trace_132.pkl,0,"[0, 1, 2]",1,2,-1.0,0.2958592799791107,0.5625105655961421,1.999939,-2.0,0.6355712784236315,0.029759273225322687,0.4338352195734378,0.3897575699677114,1.999939,-2.0,0.5832014755549478,0.06777971376312208,-0.7019950663854687,0.4791875998078452,1.9916992,-2.0,0.849951662766267,0.03043542333064607,1.1067423653701463,0.4915424465705418,3.464066397129391,0.01656741941295139,1.2109882906476261,0.03476105028649694,858711895.0051422,501968897.0965396,2.0013249569595644,79.9363442190678,-1.6593091919663663,86.70572817407813,-0.6156996879773059,96.91400494310969,-11.72185995525397,478.6294458270238
train_trace_126.pkl,1,[1],2,4,-1.0,-0.13557771081884826,0.7387508357461086,1.99993896484375,-2.0,0.7510886185973351,0.07389851516242767,-1.1681175492619056,0.5708424302643672,1.99993896484375,-2.0,1.300138334595119,0.06634451916554306,-0.006382808406727093,0.4945875108925301,1.99169921875,-2.0,0.4946286952594092,0.115445493145293,1.4446252822766021,0.6420351563983825,3.4641016151377544,0.03642525762023098,1.5808704400564417,0.04775264431733483,2154893795.8900104,319940399.5153422,1.955698746240653,63.96137817989811,20.077376715159044,76.24911881373541,1.8106494051480795,203.08783780024453,-7.906899956329154,427.2583167164417
train_trace_318.pkl,1,[1],0,0,,-0.3033525918029981,0.273597377377032,0.807373046875,-2.0,0.4085074293830976,0.01544742861829814,1.1665841806522435,0.3413159074777439,1.99993896484375,-1.3125,1.2154896952444403,0.032662881515032764,0.09915417225933103,0.2283225278152019,1.6904296875,-1.8056640625,0.24892313388746481,0.03781202438779881,1.291245147100476,0.19733782146470305,2.535487360557748,0.10013546113455332,1.3062374384815976,0.030420953821757635,135162757.66596884,53886342.041973434,0.8941677099621956,44.557731835839526,2.2982000505030764,88.74694248821834,1.9101529192319588,179.8555131135804,-1.2469792303450777,430.6818701636306
train_trace_330.pkl,1,[1],2,4,,-0.17189740098124773,0.9200697098595532,1.999939,-2.0,0.9359898436762818,0.06455474051129424,-1.0773203191858236,0.6502712936092825,1.999939,-2.0,1.2583607691846304,0.07280403082970067,-0.008230795076618544,0.5213141539468259,1.9995117,-2.0,0.5213791260617251,0.10119938211198007,1.4779344401403236,0.7396585676027029,3.4641016151377544,0.018914203076395703,1.6526902329175222,0.05991249282230867,3006628472.744583,426249956.69439477,1.9495887619230254,51.65594445419872,16.692288177339726,73.1377375171362,3.079816178716842,204.12859235621713,-10.986619857757335,481.1531257540928
train_trace_324.pkl,1,[1],0,1,,0.26277937783375394,0.11929324113560973,1.8505859375,-0.294677734375,0.28858946411006337,0.02983927252865076,-1.0464336755187367,0.3520825517803615,0.343994140625,-2.0,1.1040767910466298,0.020654845594408423,0.16681009204010686,0.14513252305975946,1.0009765625,-0.380126953125,0.22110869737782937,0.018864489242689377,1.1074974238489064,0.352998514936413,2.2801592322427875,0.35304372071496626,1.162393433988371,0.02033116535002984,556573796.8364073,39596873.90000901,1.9089223149058272,65.12076487525393,-4.189587426544451,55.93591968326537,-0.592949437099592,132.15664803396382,-1.2942959448534572,435.9096004283583
train_trace_287.pkl,2,[2],0,4,,-0.5761834220873356,1.1609436731311025,1.99993896484375,-2.0,1.2960623241462614,0.029995570274432046,0.4544144410601026,1.0355260977343317,1.99993896484375,-2.0,1.1308433946983367,0.020756428375556354,0.09842825306053303,0.5040268789695812,1.994384765625,-2.0,0.5135476761941048,0.04980277174256966,1.653295562863654,0.699234816741834,3.4640663768323336,0.04160646221696421,1.7950809305233655,0.044381631404644885,206581459.27361017,265027622.54699948,2.9185751653932117,119.44306901217728,-6.905412175065554,127.95888798324908,8.176894031824633,153.99141829415404,-10.674882812191013,426.0036763151711
train_trace_293.pkl,1,"[1, 2]",1,3,,-0.6454442902084854,0.4090115763306927,1.658935546875,-2.0,0.7641261684664735,0.08245051768248192,0.6060628551349553,0.5446595375247577,1.99993896484375,-2.0,0.8148412091880336,0.07644706338724128,-0.44686974262898793,0.3934447568839235,1.9775390625,-2.0,0.5953917564064417,0.13505001339232112,1.1206382197047136,0.5886563697608889,3.4640663768323336,0.02403390547785171,1.265838197054828,0.07667796547551976,852693461.5012779,605020510.8046088,1.9550252121700324,75.9538921902819,0.27450656228497444,68.78739724426775,-2.029621039145768,63.393376169391296,-2.501314810641111,429.27817930211165
train_trace_278.pkl,1,[1],0,4,,-0.4281690093473983,0.3165821805544975,0.8017578125,-1.85888671875,0.5324969273246306,0.021729911984030945,1.1295648019636937,0.3407589364703832,1.99993896484375,-0.838623046875,1.1798446061323946,0.03726457538241956,-0.01422309023288826,0.239677738446266,1.4150390625,-1.551025390625,0.24009938484404655,0.042208363068458016,1.2854001595096023,0.2845705830985641,2.4153912415108683,0.31529313193383585,1.31652344712594,0.03128652249009691,217696452.14690012,70637485.92968906,0.014470912617395913,60.56374413503699,1.132768450757042,97.11203179144037,4.546674103131658,170.4846962264321,-2.1305287809496622,425.86267528823356
train_trace_244.pkl,1,[1],1,2,,0.867424758581845,0.282459710691046,1.999939,-0.53149414,0.9122550081881938,0.05279819438236005,-0.40611440805455606,0.29666052395948045,1.1411133,-2.0,0.5029278068524506,0.06570279123278837,-0.25136717065841263,0.225980001883835,0.61035156,-1.673584,0.3380124490846951,0.052783538395022825,1.04884721888087,0.3151468007960026,2.828926893978614,0.18373670351377575,1.0951703039281566,0.05044590841473513,626364487.6705554,170801452.72678578,1.726326725658191,46.93315169689602,1.01537656498456,23.737010655026683,-1.7958332547006757,33.422985481884325,0.20383617328680087,480.40709658880445
train_trace_250.pkl,1,[1],0,4,,0.5071949837017368,0.2584338215599227,1.999939,-2.0,0.5692405393313718,0.02907760969736473,-0.764641876185036,0.5140895051662725,1.999939,-2.0,0.921393085570906,0.018829834424196338,-0.12058853026826288,0.3344986837197738,1.9995117,-2.0,0.3555713192068801,0.016186415360799542,1.0939733253512764,0.3203955933194737,3.464066397129391,0.10784357733039662,1.139925862851908,0.03601205833627549,454802129.71764696,95858191.77911314,1.907270072847975,34.30401304355591,1.5178936820208937,61.845634664649445,0.014817731772695252,125.41311387502913,0.820722384760601,479.74627707477424
train_trace_085.pkl,2,"[2, 1]",1,4,,0.08004765505283501,0.3124687803151724,1.99993896484375,-2.0,0.3225590887746137,0.08658414912428011,-0.7667593934137674,0.4541719678448877,1.559814453125,-2.0,0.8911745865790531,0.05761081091760429,-0.6648928770544933,0.44784884772357375,1.99609375,-2.0,0.8016552428351819,0.06761762701148857,1.111941715894072,0.5517909552857282,3.4640663768323336,0.03236866456716768,1.2413249525730923,0.05044897314063874,886036728.883934,224788263.90793675,1.9855852436867145,38.05720428537278,1.0756198237325525,54.310142061190284,0.09405637439325633,45.29389103602773,0.15639942254201672,422.9610560663275
train_trace_091.pkl,1,[1],1,2,,0.9709503056324621,0.3679916678485227,1.999939,-2.0,1.0383459749109198,0.048827522979285054,0.14577635502767278,0.2943139918375242,1.999939,-2.0,0.32843792636736147,0.051490986113635825,-0.0574241048656864,0.22799211129556957,1.8056641,-2.0,0.23511259139534987,0.06854663431520545,1.0480480828316339,0.37803039797848914,3.0102698682129763,0.03575722581561054,1.1141417170732086,0.045824211433132846,666274787.0462606,179271997.22869983,1.8412389877464075,29.21934745082883,0.7773376696219336,27.421525712624057,-2.2790615280184148,34.05411046082264,0.5771285313427067,480.2231604120979
train_trace_046.pkl,1,[1],2,4,-1.0,-0.11619123546596033,0.8554354018677296,1.999939,-2.0,0.8632902929882336,0.08956671585268958,1.2003961537927,0.5844104047049047,1.999939,-2.0,1.335097916696621,0.07372744064141326,-0.274714130728939,0.4607230406529436,1.9997559,-2.0,0.5364080292190363,0.13524780468677447,1.529885451381698,0.6891593840300193,3.464066397129391,0.043624041976071865,1.6779422370707573,0.04935456243357307,1533240956.193728,274529036.8647667,1.866696380016434,47.395663576069225,15.30399640821186,68.02758567209507,0.9399353896321404,200.6694806113479,1.495017450009689,478.97890767788203
train_trace_052.pkl,1,[1],2,4,-1.0,-0.19707758041199097,0.7523243910154251,1.99993896484375,-2.0,0.7777091757320183,0.07790117796760823,-1.1924227486113588,0.5212765188531785,1.99993896484375,-2.0,1.301384347728816,0.06512036976393866,0.05838313302594031,0.3293570463597774,1.996826171875,-2.0,0.3344916354840001,0.13250498226966945,1.4195699476399837,0.6286005094632884,3.4641016151377544,0.023157352807352344,1.552519705749364,0.045453269585231895,1711263849.3890772,258241179.74153984,1.9600494195281133,51.830829114219945,3.4705837329704603,65.52129672668053,5.052146797408601,199.63591666032576,1.0284934929031098,425.7381951159672
train_trace_044.pkl,1,[1],2,0,,-0.10532564434029477,0.7752589497762118,1.99993896484375,-2.0,0.7823809369890176,0.06975020665672181,-1.2459151986233186,0.4844245015937437,1.99993896484375,-2.0,1.3367766380008779,0.054034794340931336,0.08218210509715743,0.41368803246252417,1.9482421875,-2.0,0.421772078972654,0.10710994137600122,1.4730539589589917,0.6380403052040673,3.4640311381684463,0.11063665511808911,1.6052985383004803,0.037369236177753284,2031264706.2512898,55323939.99389784,1.8329748940184067,37.533045352812394,16.06693206930929,61.494283171738616,-2.0848961723144384,191.9955702087317,-2.8209022273767967,434.91110340297854
train_trace_050.pkl,2,"[2, 0, 1]",0,2,,0.8910898896784482,0.37772241037857707,1.99993896484375,-0.85595703125,0.967840591621033,0.02073937491175176,0.05990729094343724,0.3968248154587873,1.99993896484375,-2.0,0.40132133966695843,0.02103838071744782,-0.30792302990276554,0.23956473539487008,1.630859375,-1.99993896484375,0.3901382508666813,0.026171313715230193,1.0702616648145593,0.3232987041098598,3.2648825651354874,0.04629475361408375,1.1180259761073295,0.0217609780812133,556452546.0721664,92667236.32541361,0.0016600293348399855,52.786188652511704,0.5964255095320287,42.98145274653821,-3.0843450856763264,50.94217693300535,-1.0570296734274425,436.0172284096513
train_trace_078.pkl,0,"[0, 1]",0,0,,-0.3796134137849803,0.2928338468263758,1.99993896484375,-2.0,0.4794350902600059,0.036750097800823826,1.1734877274091418,0.2615704559456691,1.99993896484375,-2.0,1.202286384271026,0.04269485375900343,0.09874003086829806,0.19316803155647147,1.679931640625,-2.0,0.21694119505357762,0.03650463690964738,1.278360982299072,0.2969970313365848,3.4640663768323336,0.2883202585846422,1.3124077253991582,0.035208296578121766,410451975.5560441,180562656.9990654,0.0015331309755521139,89.91582907070905,-15.486465930704632,119.17153363824947,-4.566365969081573,167.0923715661369,8.4815955829199,432.2271479722722
train_trace_087.pkl,1,[1],2,4,,-0.04476337636779041,0.7747327618564389,1.99993896484375,-2.0,0.77602487856869,0.07383181967907393,-1.194947915808872,0.5593861405360532,1.531982421875,-2.0,1.3193988690762881,0.050651734036045365,-0.007441797128662146,0.4340868945122563,1.997802734375,-2.0,0.4341506792944114,0.09861183003152793,1.443196137394921,0.6698505125903227,3.4641016151377544,0.0984480231579202,1.5910734741705477,0.03280786786504165,2102601478.0578613,198125691.16545415,1.9122258265815475,40.55354547099458,13.225604963309792,61.57757070595713,0.6729775641162322,203.0238970720276,-2.5566071204581977,428.3478990415185
train_trace_093.pkl,1,"[1, 3]",0,2,172.0,-0.508563836844924,0.354249610914532,1.99993896484375,-2.0,0.61978218995025,0.08842053319828068,0.2990628228028054,0.3583352761250514,1.99993896484375,-2.0,0.4667362661058159,0.08566753671744128,0.5426248431131445,0.4669716560764893,1.9970703125,-2.0,0.7158940200493252,0.05517680210889919,1.023863185205903,0.2572569357672081,3.4641016151377544,0.0545259541997798,1.0556879051217318,0.1521939563935746,33945588.25297733,21817590.51614643,0.04939696572210366,23.646303855946954,0.9751566576407849,53.660260564090954,0.28800587879008915,30.30294768749103,-1.8285009882293073,430.18307595644364
train_trace_246.pkl,1,[1],2,1,,-1.1500916585248262,0.5805834783850403,1.99993896484375,-2.0,1.2883275974619415,0.04339918364610137,0.029750924240220755,0.7919234831211353,1.99993896484375,-2.0,0.7924821263674395,0.060933191407330424,0.2015571921636196,0.4461799174494229,1.99951171875,-2.0,0.48959352574156473,0.12023199872601856,1.4361410662838414,0.6819212397154704,3.4641016151377544,0.0449285087662987,1.5898168886516373,0.036576677758127916,2660608464.924113,279789803.98933446,1.834662149218262,58.645884759735885,1.0764738566053447,91.31052359471444,-11.392186438412262,204.0510885861724,-4.948143602872288,432.1617617742012
train_trace_252.pkl,1,[1],2,3,,-0.14349583305923147,0.788566906673898,1.99993896484375,-2.0,0.801516575253814,0.07301460847977323,1.17919518976931,0.5702042264820306,1.99993896484375,-1.431884765625,1.3098221846773896,0.04800326073866847,-0.20949153467621895,0.4928562435648017,1.992919921875,-2.0,0.5355314929318392,0.11966540374799678,1.4793758053674813,0.6755029106486312,3.4640663768323336,0.11177748623281807,1.6263016189506354,0.05089346092208502,2197238481.85152,134546848.3217202,1.840787607829054,111.41794536941393,4.532726390177681,92.93278568548757,-1.3045926826944065,158.38673079065734,-3.29060227283994,432.55446254533604
train_trace_285.pkl,1,[1],0,4,-1.0,0.4317252273153354,0.25721745835334453,1.999939,-2.0,0.5025410359186925,0.02245643169187511,-1.0179704790902637,0.3760215379080861,1.5236816,-2.0,1.0851986423093347,0.027636507741807648,0.09783819447255737,0.14646182451273212,1.4519043,-1.949707,0.17613454612099325,0.04145947935046187,1.1543800873044499,0.35865523615928796,2.84496243718847,0.06279162043998585,1.2088122122106082,0.02710812111376353,571842754.3472965,100804269.34554796,1.9614431854880352,24.553301943782667,6.602997652898419,53.861495711371354,-0.6165955096248773,147.56260922629025,1.4375704388710278,475.6371749846068
train_trace_291.pkl,0,"[0, 1, 3]",2,0,,-1.0988499346169722,0.48657130240572616,1.999939,-2.0,1.201758216586235,0.0548213787999654,0.40372374208347517,0.5500262893740309,1.999939,-2.0,0.682291564453533,0.062116159043509186,-0.07676084325720428,0.516983059553044,1.9985352,-2.0,0.522650658587917,0.05441771507107365,1.3392996111077085,0.6238468182704009,3.464066397129391,0.009997849457173807,1.4774668527514792,0.033715532403625285,1235535187.6620812,246411162.62577263,0.0019223708187163695,49.41851873326646,1.3465586554990296,101.49372534776886,-2.902951330970985,144.8710793415439,-1.3817001613202178,478.928976970252
train_trace_332.pkl,1,"[1, 2]",2,1,-1.0,-0.3038227846997556,0.812327370451502,1.99993896484375,-2.0,0.8672854439498947,0.09032258064516129,-1.2474373615671885,0.5655783824431289,1.99993896484375,-2.0,1.3696637827294313,0.06926300918295267,0.17608430171458386,0.44367511685808414,1.997802734375,-2.0,0.47733980624849126,0.10680480339062869,1.5720882783428651,0.6201247090177704,3.4641016151377544,0.05515741363248904,1.6899752097700746,0.05031316223216388,1558932627.4368806,214533393.45451415,1.830463670250279,69.89311876874109,11.250412988691462,60.14865273428401,-0.2541327922009358,239.9761468707228,-5.6838200277704445,444.5702976750031
train_trace_326.pkl,1,[1],1,4,,0.8499106885622744,0.45427207162504313,1.99993896484375,-0.85693359375,0.9636966813219332,0.048475655998786595,-0.5236565442248043,0.36376070992489024,1.98486328125,-2.0,0.6376033487949421,0.06655543758531776,-0.10552522862657647,0.2998840370626763,1.557861328125,-2.0,0.31790880698983454,0.0959704737347692,1.084552791056858,0.5099613484940906,3.2054386069860623,0.033763862871035964,1.1984637389371162,0.04665554375853177,798440962.3695432,270936880.97328174,1.958087215074276,45.496897707237956,-0.22938605979545432,35.83529235709833,0.3645404259608105,35.69185072236468,0.00443448528196603,426.43423071730797
train_trace_130.pkl,1,[1],2,4,-1.0,0.19811576684589716,0.8204211467559344,1.99993896484375,-2.0,0.8440027933112901,0.08867141899108318,1.1632980647853295,0.5772737097051096,1.99993896484375,-2.0,1.2986559680877734,0.06128345876489241,-0.3034538666228298,0.46023669149053065,1.9951171875,-2.0,0.5512731277347882,0.0764345975840971,1.4962501693802575,0.6811648336190729,3.4640663768323336,0.0617772271984061,1.644004288294209,0.04869890630303934,2612030042.3679037,302089981.4071776,1.9677468184143616,49.38320725112121,-9.776733808761275,99.74254995313717,-5.435358942668317,191.54323350443383,-0.09441767359177851,426.3446104162782
train_trace_124.pkl,1,[1],2,1,,-1.3012771403543988,0.520794039988747,1.999939,-2.0,1.4016235686148844,0.09670274033289032,0.28163762558500494,0.8199201094941884,1.999939,-2.0,0.8669421769057736,0.11536340376287216,-0.14449195887290395,0.5442199935913132,1.9997559,-2.0,0.5630748863192692,0.119214877901037,1.6220427988634059,0.6341670540588428,3.464066397129391,0.06405470291894215,1.7416057802494522,0.06650573652662128,1723086674.3917198,418904660.36402583,1.064679753043582,65.83706613540318,3.4936845306927258,68.0539363848439,-6.957507586592207,252.08794865311904,-27.21440303899173,482.6987779027695
train_trace_118.pkl,1,[1],1,1,-1.0,0.02621000271953301,0.25742554146846114,0.9875488,-1.4257812,0.2587563982646387,0.07841303881621274,-0.9733990112574078,0.4290211573754589,0.23779297,-2.0,1.0637503412891005,0.05007076989062835,-0.1494754452974299,0.26568626186068117,0.82836914,-1.4067383,0.3048476643971008,0.10992923010937165,1.0510395209866783,0.43216627129847485,2.375575234120296,0.08558373590939743,1.1364205914730396,0.04335406390735578,1016926045.9309524,164243307.30316687,1.9253123079552974,24.409224642629837,-0.16480725203799237,29.301412908544346,2.7766396588112126,48.10159563050497,-0.6858164418799754,479.9558919090742
train_trace_119.pkl,1,[1],1,0,,0.00138916006448161,0.1602623032798993,0.994384765625,-1.42431640625,0.16026832381435568,0.0752337546398534,-0.9800473770832159,0.3559900309452919,0.26904296875,-2.0,1.0426992679867582,0.04125358267161584,-0.08851263573646115,0.2549227271952137,1.22705078125,-1.25048828125,0.2698519659473705,0.04489968519475638,1.0225507819864987,0.374322963312224,2.263706170810526,0.1753281581910247,1.0889112831649992,0.03916741060940657,671982098.5356467,29026176.762541942,2.0174759586593134,17.05181527148146,0.41450735071228423,17.28589955047776,0.6384924827097341,12.921303766460438,1.133133568919309,433.6180969760307
train_trace_125.pkl,1,[1],2,3,,-0.08515056818914905,0.7494110426947777,1.999939,-2.0,0.7542330741725721,0.07899358738716661,-1.1838231842374016,0.5186360923677389,1.999939,-2.0,1.2924475725709181,0.05626761426295797,0.05648619661488695,0.3997119046334279,1.9990234,-2.0,0.40368341198728763,0.12373483641710575,1.4152589179035044,0.6318945722417368,3.4641016151377544,0.045015983059063874,1.549918886630512,0.046072785197892416,2069588316.452339,382503102.99463487,1.89676439241412,63.10505039356937,11.857964385440573,59.710651681789166,7.178627176736833,202.90463809776617,-0.3330901065354363,485.50468384056825
train_trace_131.pkl,3,[3],2,0,0.0,-0.09137275450801657,0.3431464180552173,1.999939,-2.0,0.35510342787772153,0.07810508327380201,-1.0140687539784867,0.5928338375714263,1.9672852,-2.0,1.1746435190155118,0.03224496084940679,-0.022256390390937922,0.1338502957839092,1.4584961,-1.940918,0.13568805619756594,0.12460954462047037,1.1157236038343055,0.5286378057775634,3.4303298212743334,0.01065863272195195,1.2346242707197712,0.03423400708772815,620556033.6307105,36314099.03477833,1.1265553091817964,17.021616478610653,-0.5780800965133208,23.46151597762755,-1.4676498440107713,97.53427126840594,-1.6834963515519945,472.8483970707064
train_trace_327.pkl,1,[1],1,2,-1.0,0.06873675206649096,0.27416055356312513,1.665283203125,-1.159912109375,0.2826459803618113,0.042284700077040854,0.9238328283449513,0.3864078662142486,1.99993896484375,-0.41748046875,1.0013881034843988,0.05339223545244434,-0.44931316033486995,0.2842403635303477,0.38818359375,-1.99993896484375,0.5316717975499291,0.04380601308719269,1.0870180710902304,0.42864145558732114,2.9166054560278267,0.04509007022935953,1.168478405587687,0.04864300829895751,737313069.0849282,116718896.62554666,1.897974085124952,30.402643876894622,1.2509256280478533,39.26580879171139,0.2683568696444484,48.29970705585819,1.1706485411997685,430.3807809770232
train_trace_333.pkl,3,[3],2,2,-1.0,-0.3706165281337874,0.5162517970699187,1.99993896484375,-2.0,0.6355096607478623,0.10645387211103802,-0.8749648879460852,0.5822178187738084,1.99993896484375,-2.0,1.050971523703776,0.031112714616184554,-0.07021077258072807,0.26863973528811,1.94580078125,-2.0,0.27766321319549797,0.08805365139328085,1.1670364064289585,0.47279652977949294,3.4641016151377544,0.07846795148302667,1.2591705732354723,0.06528152125469555,138033834.2585969,29451000.378858425,1.0690196680626518,30.00973523938407,-1.3861223878196625,43.56910518993684,-0.22609788412149168,104.3884555668909,-1.547058247953198,428.4500827695912
train_trace_290.pkl,1,[1],0,2,,0.5051158207262016,0.23060419250249103,1.99993896484375,-2.0,0.5552659596514361,0.029787022375500526,-0.9182905816228593,0.29888682499068653,1.99993896484375,-2.0,0.9657074745751234,0.02576623032091724,0.21084215685612548,0.15587326163716714,1.830078125,-2.0,0.2622039069143551,0.03864105518847981,1.1042107306701987,0.3006339359949739,3.222502299012754,0.19640897058561624,1.1444046929294918,0.025683327391956758,573350883.4467943,43310812.60614906,1.8042212155073714,47.104321504329775,-5.295020165565492,72.03864631082523,-3.6028811273500194,114.58775973558187,-0.6469496840712151,431.11943983092283
train_trace_284.pkl,1,[1],1,0,,-1.0087716848393966,0.3209885445164691,0.47021484375,-2.0,1.058609445378472,0.03793000554158319,0.032520609002145213,0.21400163084341806,1.318115234375,-2.0,0.21645851337730512,0.05909032780595933,0.13736294730918466,0.30993778716551285,1.94384765625,-2.0,0.3390132906045434,0.0625602114327124,1.0757082221798715,0.3539633848283889,3.3926588366213175,0.15313515142928968,1.1324479047905691,0.032209386589368685,734488520.281009,74256239.49794373,1.832722714647987,39.648659474206056,0.5929638851292217,55.346962140286195,-0.4564469222595773,38.808277504745114,-2.414469210939898,434.0581474247785
train_trace_253.pkl,1,[1],0,0,1037.0,-0.2470673233715456,0.10606035160262471,0.00390625,-1.14111328125,0.26886996942769986,0.03388221183878464,0.9717215846088141,0.2836499597777337,1.99993896484375,-0.292724609375,1.0122747342873744,0.02270474667466247,-8.693890276748234e-05,0.1126115663863326,0.59912109375,-1.030029296875,0.11261159994581468,0.031450155335115734,1.0240179924100659,0.2471026543755486,2.053272123341909,0.3852280679409651,1.0534099726977066,0.02313785262737063,402033493.4100144,31946575.79424791,1.7555178540313428,26.443258853188528,0.4825719129810455,40.59693415295793,0.269962272156022,57.555065187454204,-1.277295511160324,434.77059024273615
train_trace_247.pkl,1,[1],2,2,,-0.6389592350973644,0.9134580678567313,1.99993896484375,-2.0,1.1147531322444273,0.08387604882924908,-1.0857422417315605,0.6725215958765182,1.99993896484375,-2.0,1.2771536761097206,0.06742798291582104,-0.19264817492064443,0.6014834642204586,1.9990234375,-2.0,0.6315818846601753,0.08970203657145165,1.6566068999508714,0.7268736577393611,3.4641016151377544,0.027965559963961037,1.8090582454084319,0.05193913508819758,2025055160.3269413,189945308.4230529,0.9585618881021898,76.86417440009056,5.087592721177996,76.527839985049,-6.244325098583117,223.74422192568534,-0.2888261983005604,432.7709652399553
train_trace_092.pkl,1,[1],2,4,,0.07084284770342354,0.3781804871239571,1.999939,-2.0,0.38475861252484517,0.12933362078700708,1.2034979630739817,0.47295874241567454,1.999939,-1.9748535,1.293096020854847,0.05510897574096318,-0.2992126427910071,0.701617974201725,1.9924316,-2.0,0.7627555226472709,0.06827024751814552,1.431320037350994,0.5943529650545576,3.464066397129391,0.06316498845902538,1.549816923507933,0.050715041013479525,1153383566.3363285,169489931.42427048,1.8806486213164095,200.67893061406932,1.9224609588138037,77.18185492300664,5.877250594348647,33.777621802199604,-11.682031191382503,485.2783951866979
train_trace_086.pkl,3,[3],0,0,0.0,0.25391558874975617,0.3006664514504878,1.999939,-2.0,0.3935396310893781,0.12177407870377696,-0.525985980466048,0.44804513546421776,1.999939,-2.0,0.6909455080250391,0.12114115729679267,0.7526301969464587,0.3683614546074937,1.9987793,-2.0,0.8379393621236646,0.15936961027864366,1.1207979940482706,0.27970228356509674,3.4641016151377544,0.0534244183226548,1.1551716369848062,0.16319878479089858,21001912.085492656,19007647.221688025,0.003162045419988851,52.154559748155336,-0.4528441561849842,49.493571919253895,-3.6888499199773266,32.99375271382433,-1.3300070010065983,458.66226055676424
train_trace_079.pkl,0,"[0, 1, 2]",2,4,-1.0,0.06043875987036583,0.904722369752466,1.99993896484375,-2.0,0.9067388874561331,0.07868163992135953,0.7287492249480035,1.1137789697796645,1.99993896484375,-2.0,1.3310067717279905,0.028481436114913897,0.14322943806805316,0.4754829283105762,1.996337890625,-2.0,0.49658703873952537,0.09658161007092053,1.5252879527659011,0.7168331637154142,3.4641016151377544,0.01343882709426063,1.685334721488596,0.04448744737573468,1336892806.8315647,411824447.49971753,0.004115853061808817,69.1448473075908,-1.468250402819969,84.83382307798615,-2.0394601683685747,207.14091477224568,-4.361019932391301,423.97956835986173
train_trace_051.pkl,1,"[1, 0, 1]",2,2,,0.1201912717696585,0.6894607188663805,1.99993896484375,-2.0,0.6998585747630403,0.07804832814299072,1.0908025921747073,0.453307055938002,1.99993896484375,-2.0,1.1812440823378714,0.05254738924478583,-0.5108493362524861,0.62282734510767,1.998046875,-2.0,0.8055314681398078,0.04239337902895516,1.45043589923241,0.6559392160169558,3.4640663768323336,0.02073183767723792,1.591860720317914,0.03162116423377406,2340702518.2591124,530046714.42004746,0.003095117543733846,118.73158372692126,-3.5669948651458108,87.88351144631866,1.5400941718579753,94.0194854645621,-6.801447104275757,427.646211577811
train_trace_045.pkl,1,[1],0,0,,-0.239746157182466,0.2759832659107587,1.46435546875,-1.8134765625,0.3655748664043088,0.03086502710209201,-0.4105916570085998,0.48455767408656275,1.0458984375,-2.0,0.6351233331576216,0.017829144828204094,0.6475952677770492,0.43996863684216375,1.993408203125,-2.0,0.7829125316738645,0.016073108453164897,0.9851568839802832,0.4236089912478417,2.4979258277561756,0.026224385434523666,1.0723705812450075,0.022461138735832997,997504165.9820515,95107535.86767451,1.9467435099344634,72.43553313608922,-1.3147239838171443,56.1355982952307,2.726251379065557,57.72877906570121,-0.5884568352218068,431.1905320092516
train_trace_069.pkl,1,[1],1,4,,-0.9471556636386942,0.3713843619390631,1.999939,-2.0,1.0173643376174242,0.046155858880990795,-0.17886484239352105,0.21901582880516998,1.999939,-2.0,0.282772992189273,0.07528672975448084,0.2628051199831332,0.2591744013470872,1.9916992,-2.0,0.369104187734263,0.040294797435785616,1.0573966235621788,0.36488497153169863,3.4641016151377544,0.03755323987256971,1.1185833281299988,0.0448301426017182,591340035.4726774,165619588.59759346,1.9140124064861923,36.821012093559546,0.6772063139729538,25.922801794734113,-1.332922483293373,21.00982838400093,-0.13015432027028676,478.80448247391666
train_trace_041.pkl,1,[1],1,0,,0.0289862242360725,0.18369409849850704,1.40771484375,-1.218017578125,0.18596699443353676,0.1285729931004271,-0.9684115897164639,0.34839025464096846,0.60302734375,-2.0,1.0291728604204289,0.07462321929521579,-0.2287952419496447,0.2460753852313317,0.806640625,-1.93310546875,0.336006484990312,0.05885276698988231,1.0401952258564375,0.3530931176129472,2.2569041949538637,0.2592413638450488,1.0984902628608755,0.059198166853407244,732144134.107653,54360122.667079926,1.8994601506033293,28.621378619243107,-0.034342558979425716,30.99615005969701,0.5427781004905058,19.80415705256894,1.2835867563369283,432.8006337108367
train_trace_055.pkl,0,"[0, 1]",0,0,,-0.10220159317523998,0.19098994035323735,0.8959961,-1.8039551,0.21661561108029684,0.03212572849614711,1.120853314586797,0.34736786244166834,1.999939,-1.4477539,1.1734464558204194,0.030273297074173384,0.08789855486332446,0.18385266391682165,1.2451172,-1.2104492,0.20378409647559012,0.03402045287296042,1.1764289006869042,0.28538028531447035,2.2887325923460615,0.3475289290482465,1.210548167409115,0.029934953435456723,433044159.8289313,89368644.63055645,1.9137037781924215,107.87859191681218,-1.8473578858973474,80.45629657753841,1.8405457356289843,100.48920459567272,-1.4075459934406296,483.8815883482111
train_trace_082.pkl,1,[1],0,1,-1.0,-0.42200500451494916,0.20798363290862368,1.999939,-2.0,0.4704736075419443,0.033051334222490486,1.000889228724456,0.4613430444239995,1.999939,-1.0876465,1.1020964807198328,0.02133977160992611,-0.009123131954513726,0.19686357145144023,1.2854004,-1.999939,0.1970748520265226,0.03921377739269269,1.122573208493776,0.4632817253916209,2.7511142635954506,0.06351786638995696,1.2144136714933047,0.021729183500618192,1058465296.2503093,50233317.908589855,1.958269024347064,80.15963418386235,-0.0038653522248149677,76.14207677946625,-2.937335755902444,107.57426542725365,1.8794604873650995,486.2845108745254
train_trace_096.pkl,2,[2],1,3,-1.0,0.09018412545724136,0.44473517880455044,1.99993896484375,-2.0,0.45378690566256197,0.10448702030524727,0.7494880144636905,0.8956219861394162,1.99993896484375,-2.0,1.1678488882903635,0.06613054191897003,-0.3975274288858353,0.5685993469122963,1.933349609375,-1.99993896484375,0.6937818634309149,0.11894710702756395,1.2529644063801757,0.6936908908165704,3.4640311381684463,0.013360984660656374,1.4321755673301766,0.07161276766441901,348306257.5794015,110366734.58217195,2.766701444050114,100.01932424518455,0.8709695927962697,53.78168431304257,1.1083619227327752,88.41115062722992,1.3970955659824362,430.94373739197476
train_trace_243.pkl,0,"[0, 1]",0,2,,-0.4088342125367753,0.2876822082866902,1.999939,-2.0,0.49990645755508273,0.02164228998114469,0.817729556621334,0.5420759955505183,1.999939,-2.0,0.9810851200197716,0.019418715585303375,-0.1634408065979232,0.19285867489475617,1.395752,-2.0,0.25279906199102287,0.032782698187336146,1.090769965975736,0.2942154416381194,3.463995960038493,0.18360300625467885,1.1297530016658606,0.025608665930483252,565762588.1723313,132882980.05040407,1.7470657364784747,52.28895326142249,2.997357457754079,109.75813840408001,0.3917367378452674,81.25151453858231,-1.633753564654357,479.32459499254554
train_trace_257.pkl,1,[1],0,2,,-0.28500545832386615,0.12007460328203923,0.08666992,-1.1000977,0.3092669100109744,0.04708339880396706,0.983729277617662,0.3464413233775053,1.999939,-0.45581055,1.042950086143016,0.02286696675324195,0.22015589137489408,0.12101208589960392,0.7873535,-0.19995117,0.25122209584518496,0.03159227662190016,1.0662343868995485,0.33113090681368273,2.210749381367777,0.4006790207513841,1.116469186880815,0.022127533713525153,571437440.5254472,52484220.15113987,1.7895675432837144,57.18932966147713,-1.2472098249301982,45.244312503671125,-2.448344435967493,85.51818425319627,0.2972275088872654,481.8874894207144
train_trace_280.pkl,1,[1],2,0,,-0.6618436793211899,0.9311461137032142,1.99993896484375,-2.0,1.1423966653146398,0.07617867768762883,-1.1008132767231846,0.6645451550822932,1.99993896484375,-2.0,1.28584996533553,0.06421673656312513,-0.18783946343304955,0.6265451754955229,1.999755859375,-2.0,0.6540967214101685,0.08659714253800303,1.6855748102898958,0.7383497505593857,3.4641016151377544,0.05488116170226391,1.8401964012667031,0.051259659419774777,2146620794.1144378,123718498.2659229,1.946488833655274,76.44128445374169,5.6708108884933806,80.19736363258116,-6.4097713591314545,228.21969801308373,-0.8822562731348529,432.90097092736187
train_trace_294.pkl,1,[1],1,1,1004.0,0.5442687168905788,0.26922505112973266,1.99993896484375,-0.735595703125,0.6072154183990424,0.04152777147009401,-0.017219174239129942,0.2709593388589313,0.84521484375,-1.812744140625,0.2715059175715084,0.04203642308915028,0.8252873686125347,0.2963984029198008,1.990234375,-2.0,0.8768986566558363,0.028902311639947317,1.0467112237161094,0.34025416354455734,2.905853286067072,0.14527187805077307,1.1006258590741365,0.022199009945955764,610561205.6686478,70057151.84275079,1.9085391481689635,31.712271671937724,0.3009770363850781,31.937386946461846,-0.4819500777215879,33.08362420151906,-0.26931022596366183,434.88407576063577
train_trace_337.pkl,1,[1],0,3,,0.9919699411824143,0.4069484308253707,1.99993896484375,-2.0,1.0721993236150982,0.02727924301548575,0.2051456132824943,0.4051279415229923,1.99993896484375,-2.0,0.4541072248398034,0.034895422328726465,0.2585976338947163,0.21019010100348026,1.78125,-2.0,0.33324557733869326,0.06750309497781028,1.1407757192061114,0.40682690975150554,3.4640663768323336,0.07533034053979223,1.211147132279221,0.03300585692876845,1389889735.8165507,119118189.36944768,1.6519296964374262,96.69569504337431,-0.1402103402420445,76.03439666666209,-0.7029957253756479,100.32721548682109,0.07967052461926166,429.8591184490935
train_trace_323.pkl,1,[1],0,3,-1.0,-0.29555583652407064,0.14154746268054652,0.5163574,-1.1149902,0.32770251249379195,0.03230048274218743,0.9653034716591196,0.36576257578310856,1.999939,-1.340332,1.0322756677557807,0.020103961663033597,-0.28803509138369116,0.13984365039992935,0.48828125,-1.6142578,0.3201881640935358,0.03578646380316121,1.0645342636152402,0.3771859660036868,2.572639162952413,0.022977770548773653,1.129381446350601,0.02024516595917431,740841194.7009565,144765785.54098755,1.834564310266861,25.718407674616103,-1.8414671389806725,68.58694690672546,-1.0035799527879308,66.3791970238952,1.377103824411316,486.2720276757978
train_trace_109.pkl,1,"[1, 2]",2,4,-1.0,0.04466449793827235,0.8620559756953031,1.99993896484375,-2.0,0.8632122697274749,0.07252317714858432,1.2392836479593194,0.6024505566686884,1.99993896484375,-2.0,1.3779588648903025,0.06139814582811325,-0.004273678263920557,0.45250152911639324,1.994140625,-2.0,0.4525217101737524,0.12336757704835881,1.5277668080561695,0.7173635998001788,3.4641016151377544,0.03139082648524498,1.6878038849689876,0.04738661989476322,1697218306.5249128,405904213.6897651,1.982392984602301,43.88240866604222,-13.544850046623969,82.95384946796368,-2.3805622568185547,234.01584107002475,1.838057220096845,428.29074226682684
train_trace_135.pkl,1,[1],0,0,,0.26526817437695815,0.21256110625394914,1.99993896484375,-2.0,0.3399256216132978,0.029103554351823987,-0.9247085568023754,0.43916018862357414,1.400390625,-2.0,1.023693111384181,0.019313204266559667,0.01224936108351417,0.20154162589664892,1.67578125,-1.793701171875,0.20191353054220787,0.03100277527000368,1.054908084220845,0.3023822451569172,3.2875892075883755,0.1133554150069116,1.0973905814889386,0.02176747918547497,832554980.1011328,127599572.51598126,1.5878940098109262,84.43763806215871,2.763713372996041,74.47744185182151,-1.426254225930284,94.12623175844762,-1.094237706555612,430.9218986216826
train_trace_121.pkl,0,"[0, 1, 3]",2,2,-1.0,-0.16950447552433331,0.48355503962499813,1.99993896484375,-2.0,0.5124033992563992,0.048047990676970395,-1.0246732222930055,0.425764358637032,1.99993896484375,-2.0,1.1096082649160173,0.05018770238902633,-0.022983930571152496,0.22784718500395193,1.991455078125,-2.0,0.22900349512338158,0.05900446091682826,1.1482943165847512,0.4771273503136567,3.4641016151377544,0.007967367613320665,1.2434751086845974,0.046061115515775596,830005541.8383524,112497908.02087982,0.0019129931932245978,28.495012463301084,3.686579145023113,41.6480796544833,2.5873466968609256,121.68049168317766,1.2659020112702446,424.49276444623547
train_trace_120.pkl,1,"[1, 0, 1]",2,1,,-0.025208893235833887,0.6768158277460078,1.99993896484375,-2.0,0.6772851341832989,0.06153798769548244,-1.1931916025746143,0.46062808042716025,1.99993896484375,-2.0,1.2790169775779314,0.04529879649806346,0.09017370321986504,0.40982447091733676,1.998779296875,-2.0,0.41962768463848915,0.08812590955640597,1.3899484287958124,0.5820054475014712,3.4641016151377544,0.055865542198069,1.5068798809571171,0.03458046831086232,2217917729.22937,171721548.76968935,1.8045455507059465,94.18210802305934,4.38962141927334,45.76613087700087,5.124633383013659,165.1159958774836,1.741210389522051,434.39811814598875
train_trace_134.pkl,1,[1],0,2,,0.16046951407491405,0.1993404884412374,1.4355469,-2.0,0.2559044651416425,0.03451629591308846,-1.2521771534360133,0.38969702344272333,0.4597168,-2.0,1.3114157973988403,0.023438523883428177,-0.24268237539638482,0.18986977200026248,1.4897461,-1.999939,0.3081318965109966,0.03052940162096913,1.3161458004673137,0.38471286241349373,3.0586542567810047,0.21043137403854145,1.3712198053536602,0.02371443352302121,1292208723.5125828,112869333.29842398,1.7880498647502017,119.18977644763841,-3.813990192830552,114.75840903913027,-1.7262740781289938,186.8845353181644,0.1453321433228672,482.3318482691049
train_trace_108.pkl,1,[1],0,1,,0.08357349047043999,0.21126391664411628,1.7138672,-0.70410156,0.22719368561917566,0.040798030439909795,-1.111829600873693,0.38771383040956325,0.76538086,-2.0,1.1774918580057405,0.025681518823229225,-0.11587718368225078,0.1640002721708765,1.3459473,-1.3291016,0.2008073976980222,0.029398580758170294,1.1796266751927873,0.29480258580768554,2.52401383713676,0.3084609317551917,1.2159061055136153,0.025378085195887096,792109372.2941327,69424553.49011852,1.6193125774072,90.66312966729565,-3.8788056834666778,87.16566195382975,0.9853722321320202,144.87361845913637,-1.9273255929306727,484.56712568094304
train_trace_322.pkl,1,[1],0,3,-1.0,-0.09682859174609738,0.27260230759692133,1.234130859375,-2.0,0.2892884275022057,0.03022506794595274,0.9862659812084258,0.47167463380869884,1.99993896484375,-0.86328125,1.093250907096623,0.022081225638595235,0.011126061040747834,0.21283914677187993,1.696533203125,-1.905517578125,0.2131297530446284,0.041183468580437366,1.0718363368794355,0.41889915102805547,3.0466233767021627,0.1443238703699538,1.1507865274616107,0.02343530868257392,831010294.4342632,55653916.995116234,2.1052590312870763,27.55109416852493,2.136464681244605,68.20633156549557,1.049212352737337,71.56332721152828,0.6724289422137049,431.17268842089567
train_trace_336.pkl,1,[1],1,1,,0.5654876487462773,0.3105382386200891,1.99993896484375,-0.316650390625,0.6451436107796934,0.06375920776623249,-0.3978575278623678,0.32720866705402996,1.135986328125,-2.0,0.5151272893878073,0.07084248012098152,-0.7179613092561234,0.31148757334702243,0.026123046875,-1.99993896484375,0.7826192879928168,0.048412117664276305,1.0542927533423472,0.4272307842256762,3.1245837226412703,0.039473847338690735,1.1375672959171574,0.043943607005219765,661800833.7945087,160208578.51965117,1.8607554358234213,49.785134475788105,-0.7901081546112928,37.573624769062484,-1.3963961057874361,38.39557505259934,0.6350430331675291,434.1969292950388
train_trace_295.pkl,1,[1],2,2,,-1.1552323345113198,0.5475655201715933,1.99993896484375,-2.0,1.2784325346224812,0.04190721530924397,-0.05492432803003313,0.7605951211906309,1.99993896484375,-2.0,0.7625756488300299,0.09861919328993875,0.006241136257033119,0.45877703891059507,1.998779296875,-2.0,0.4588194887026406,0.15245608789321557,1.4102306463333885,0.661571018958107,3.4641016151377544,0.09356990045445773,1.5576991651096033,0.04150853708090868,2959589959.0374656,248087184.10950506,0.0015345495995586335,62.5786420888074,1.9613038803340175,89.81826849394061,-13.401568813342692,184.97566513958355,6.33360651688206,432.3846135302553
train_trace_281.pkl,0,"[0, 1]",2,3,,-0.9681674836519535,0.39101834130339946,0.400146484375,-2.0,1.0441473170183493,0.056386679315964874,-0.03292006634651346,0.3390905545089784,1.99993896484375,-2.0,0.34068480289773023,0.06015714320465105,-0.022644773442694482,0.28401412042574836,1.983154296875,-2.0,0.28491543721862883,0.049470107924460986,1.0617811965976909,0.4001340418898911,2.839400203021153,0.04150677839326838,1.1346746498126965,0.03577481005781378,873848219.8618106,251444265.51455933,1.9322416049438156,65.47326938440965,-0.6845060505889274,35.616459523897255,-2.083015120208851,42.26217530154687,0.8134914916849656,430.39089967085994
train_trace_256.pkl,1,[1],0,0,-1.0,-0.1926017962308757,0.13542194183081754,0.318603515625,-0.815673828125,0.23544543792689868,0.035980715992100114,1.0284218033445414,0.2377347628614949,1.76318359375,0.422607421875,1.055542146513937,0.03591172133056205,-0.040705842315139025,0.0970037347982656,0.435791015625,-0.504638671875,0.10519833726536369,0.04743382980741865,1.0587751967272707,0.24426532759760441,1.824229303692956,0.43362213591715393,1.0865866129633825,0.03213426361135307,328642759.48999,62889314.09166797,1.8951870261195798,36.77582360408047,-0.08151790134097785,70.0389314583715,-1.371805036546642,69.4173914458772,-0.9597783847333514,432.69424351048633
train_trace_242.pkl,1,[1],2,3,,0.10174217788425423,0.8158999762829557,1.99993896484375,-2.0,0.8222190961411434,0.09759705618580053,1.2491205920834514,0.5438439432535113,1.99993896484375,-2.0,1.3623760450699507,0.057877754047282244,0.17466019511928219,0.44748917428742924,1.99658203125,-2.0,0.48036730203413197,0.10037075046921662,1.5245090504967087,0.6623727274403541,3.4640663768323336,0.053131305096028605,1.662186955520693,0.04343605247829584,1784961784.119719,487090269.5142761,2.022162471768824,80.36640902344972,-19.491735859030097,86.00534472922759,-8.8190545697184,219.88081050956495,1.6530132858005502,431.4007090937715
train_trace_097.pkl,0,"[0, 1]",1,3,,0.9833213402378335,0.5291264914319158,1.99993896484375,-1.447265625,1.1166448415240087,0.047714780886358006,-0.010768699978444754,0.2639056140481811,1.99993896484375,-2.0,0.2641252317090763,0.08224808120821986,-0.09089586357366942,0.2782363498151454,1.871337890625,-1.99993896484375,0.2927072332096682,0.07034414459024511,1.0716477407409974,0.503891341725105,3.4639958991460817,0.007016654230078083,1.1842024170304715,0.04222827432532805,874229480.150082,198683168.76667058,1.9280485765483362,77.73711364325771,0.8701307236005492,40.620083399595835,-1.53985066565748,40.70020862052853,0.03156645364871665,433.0538723587807
train_trace_083.pkl,1,"[1, 3]",2,0,-1.0,0.13240976967275567,0.6559402313744117,1.99993896484375,-2.0,0.6691710799491478,0.07673522690173033,1.1028003015131618,0.439925088203421,1.99993896484375,-2.0,1.1873089691602217,0.047143323539014036,-0.19159345072878986,0.2738374028417937,1.993896484375,-2.0,0.3342079794937638,0.08702579170747633,1.2742344733343594,0.5878043917939273,3.4640663768323336,0.12976206279093402,1.4032774123621892,0.04207639569049951,725325217.3504692,75656847.6029307,0.0026089770429736092,27.30094467491786,0.07264144840073097,53.66845372764165,-3.5562250238554873,148.44757450988152,0.1533672095241778,442.259402349269
train_trace_054.pkl,0,"[0, 1]",1,2,1000.0,-0.9808188328805989,0.27314477700442236,-0.159423828125,-2.0,1.0181422553543567,0.021098394247025733,-0.000564797743096134,0.25120601083667454,1.659912109375,-0.86474609375,0.2512066457659233,0.042555180715382036,0.02798905678147302,0.2274647298449207,0.998046875,-1.09521484375,0.22918025792580668,0.0407710107439755,1.033889998701755,0.2886407667368671,2.3261268028421616,0.1595720008564674,1.0734253684527681,0.018028686959976937,582577376.1657801,74923960.18024558,1.8430161665038158,28.17069874257082,0.7288540964024348,26.03251342667145,-0.2552833500065372,31.850803390244472,-0.599411056393015,430.8163974218501
train_trace_040.pkl,0,"[0, 1, 3]",2,3,-1.0,-0.10995422302615508,0.599863698888647,1.999939,-2.0,0.6098576788117493,0.05326346779747998,-1.0037697079619003,0.4296798227146845,1.999939,-2.0,1.0918692122548566,0.04637595040987481,0.10131623508552344,0.41054736381019374,1.9987793,-2.0,0.4228641831881776,0.0732507731575891,1.2004320463792402,0.5494376984926046,3.4641016151377544,0.00944290976211203,1.3201965317705922,0.054451902170243226,392867981.87173355,111337387.14145795,0.002702227954433236,49.9784975684541,3.316940675286841,46.21856079309265,-0.3353319194005107,132.4033056679086,-1.5750446400305746,486.89939211068116
train_trace_068.pkl,1,[1],0,1,-1.0,-0.4850284676706813,0.2894058961901158,1.999939,-2.0,0.5648082747274275,0.031547517380550234,1.0020544679631784,0.36968756369638794,1.999939,-1.5793457,1.0680739915926887,0.039195592077379035,0.057800747405305664,0.2079215094134003,1.9516602,-2.0,0.21580611779409467,0.04046710821804288,1.1871481475214656,0.31151564171165347,3.340854827245183,0.030313772180033276,1.2273396918517183,0.04000531379879681,824793429.0614519,162230241.3871147,0.00885679074941866,62.149118875069014,-0.021643191798115084,107.98747590430492,-0.13854900528291386,135.9889007014752,1.5059839782076225,481.5701364550217
train_trace_056.pkl,1,[1],2,3,,-1.0371963243423115,0.577068457381396,1.99993896484375,-2.0,1.1869221624579034,0.09034784536192501,-0.3584427166498711,0.8211729498178513,1.99993896484375,-2.0,0.8959945282376958,0.11368804748495571,-0.20749808666851086,0.4942748995276432,1.9990234375,-2.0,0.536062619732205,0.16587716633691002,1.4314152119723282,0.6708234026731666,3.4641016151377544,0.04630827042472008,1.5808078778396164,0.05907706453652089,2218249596.754133,431041969.90537703,1.798195264769132,139.9311224872935,-4.643206369010938,99.6147062666261,-0.7480155085978677,161.68243845187632,1.0992843375387007,431.716593867245
train_trace_042.pkl,0,"[0, 1]",2,4,,-1.1908323295236658,0.5631822946907142,1.999939,-2.0,1.3172911349021743,0.10971800321839476,0.37085948124514617,0.815025159054993,1.999939,-2.0,0.8954344000104283,0.1005791389503214,-0.12394950427237082,0.5151829531406616,1.9995117,-2.0,0.5298839069231106,0.12269484626571549,1.5518281441676829,0.640050829699547,3.4641016151377544,0.09361097864582212,1.6786410139246553,0.0710972660855198,1665229501.4636137,384237684.25142074,0.003442163055263928,63.991844836530774,3.9512511338998086,67.30595685972493,-6.384480181760207,241.10286728395528,-42.81830592216383,475.51159532251035
train_trace_095.pkl,1,[1],2,2,,-0.14411227287372072,0.6748043441590225,1.99993896484375,-2.0,0.6900211953909229,0.06447206029604675,1.197944022385682,0.47319320381684105,1.99993896484375,-2.0,1.2880146307041833,0.061662177581482715,-0.193877466034072,0.27885744019156106,1.960693359375,-2.0,0.3396320711976164,0.10667463576313155,1.3831799857436213,0.580752967982954,3.4640663768323336,0.04015649461486172,1.5001536197279046,0.04099944889040681,2306138935.1957207,154633147.65642834,1.8154687542511656,27.343950771330523,6.786082078731895,58.182404015955036,-1.8080997040659057,182.74512695877692,4.150688737053452,426.9102153028705
train_trace_081.pkl,1,[1],1,4,,0.4682168923439259,0.3299340776889092,1.99993896484375,-1.599609375,0.5727857836020677,0.07337030915709317,0.34804982353076774,0.3697869458523295,1.99993896484375,-1.618896484375,0.5078199139287394,0.09677255812538657,-0.8434260174641742,0.42450482878183043,1.512939453125,-1.99993896484375,0.944230796254056,0.05144844508887379,1.0997782865507928,0.5177104749811404,3.4639958991460817,0.03157824737208012,1.2155395573463643,0.0540340488527017,782217366.8509774,246265536.6828328,1.9344163951565427,77.60065670729509,0.3628795754979138,41.044858738645615,-3.3823292724193497,41.15589050006878,-2.180348581342555,426.35393191741025
train_trace_268.pkl,1,[1],0,3,-1.0,0.1674885965793464,0.23740201649210843,1.99993896484375,-2.0,0.29053768674414404,0.031372686075094074,-1.0885660703006683,0.49280073563028476,0.612060546875,-2.0,1.1949178442251123,0.023008189750579573,0.3510880924448829,0.18593777438347506,1.349365234375,-2.0,0.39728541956541363,0.044769859853912554,1.1975968955331153,0.48563173524280584,3.349625639139177,0.098388671875,1.292314399233211,0.023660573865026388,679067709.0852275,151711456.96760452,2.0695344824355506,84.0092992403621,-5.108606137633879,64.3598535683306,-0.11937460494952455,203.83532792680887,-1.1962455116691482,434.32719245268987
train_trace_254.pkl,0,"[0, 1]",1,1,,-0.958077547107562,0.4803980862009089,1.9892578125,-2.0,1.0717718542195156,0.05825312909493471,-0.003043462114571284,0.28123963605669183,1.99993896484375,-2.0,0.2812561031354578,0.06596177307848719,-0.23076526549180992,0.24128364110154468,1.966796875,-2.0,0.3338718365192317,0.06523880529573901,1.0554922494053807,0.47455918251992124,3.403821184252419,0.017788790265573114,1.157268467672392,0.04861958338981519,918604070.1685672,227241294.89603308,1.8300956028358946,49.60378410823517,1.0961891944316027,36.04241654110706,-1.4713898499347076,41.53160858119441,0.36245622408741673,435.99129514318855
train_trace_240.pkl,0,"[0, 1, 2]",1,3,-1.0,-0.22225093974644203,0.4053222193246492,1.99993896484375,-2.0,0.4622570515378166,0.07917970983592258,0.45323468570765424,0.43482876887636035,1.99993896484375,-2.0,0.6280905496590816,0.06854811354583604,0.5992944794008761,0.710793589099091,1.999267578125,-2.0,0.9297211406355856,0.04965934310884545,1.0621368169273233,0.5868782682462447,3.4640663768323336,0.022265036056492785,1.2134911287735966,0.03273795101906322,1378285206.3389843,180561337.95811743,2.6549290213299126,47.476133036713655,0.7720582890758257,84.63770485348391,-0.17918385467079742,60.896275688779156,-1.0729306316094762,427.7007068010061
train_trace_297.pkl,0,"[0, 1, 2, 1, 0, 1, 2, 1]",0,3,,-0.3901856166637496,0.46918470563262704,1.99993896484375,-2.0,0.6102287304370759,0.027076668362551414,0.9357618575064551,0.5302816929602009,1.99993896484375,-2.0,1.0755691181196438,0.01971250441936068,-0.03389032260734777,0.3324273950234597,1.99853515625,-2.0,0.3341504555264191,0.028680572921607007,1.185511888222433,0.48522790636494517,3.4640663768323336,0.03312494385912474,1.2809701628968675,0.023429078962118533,1062932203.191852,242578554.45243657,0.005180908576333153,45.868316300435225,0.4481874554362518,86.61813426156024,1.1817311609028192,119.52042194105806,-1.989335808532917,433.2599573521731
train_trace_283.pkl,1,[1],0,3,,0.27746828541826635,0.32131003440163874,1.999939,-1.7126465,0.42453361188501293,0.032789689084356484,-0.9997409524819978,0.5031838853801751,0.9694824,-2.0,1.1192300900958219,0.029344572720053752,0.07252480670881988,0.289582130981244,1.0568848,-1.999939,0.29852580821729646,0.0235538452140981,1.1499290416428078,0.4468619916196495,2.800049068453539,0.031427831283603935,1.2337027358192194,0.031225948323254534,501744171.18456495,128132205.84439655,2.2800218511099812,41.369221911737654,-2.1183580220001104,74.71793202973691,-1.356262452047559,108.92880864387509,-0.8925701827066921,482.1231449509063
train_trace_308.pkl,3,[3],1,0,,-0.16839663493621798,0.3414136184309636,1.99993896484375,-2.0,0.3806844960173259,0.033145515429808904,-0.8511404613290492,0.22002649641045435,1.99993896484375,-2.0,0.8791198689792459,0.05871147560706623,-0.2419796240876644,0.23531702057105103,1.41796875,-1.636474609375,0.33753257419698596,0.0295562551382567,1.0034014897728878,0.15775334705686844,2.951186265285507,0.16668262007971738,1.0157266700181184,0.08638286779892122,15747942.695287403,8593049.78540703,2.492804492296524,60.821599242595596,-0.4476902765611215,26.47387999952848,-0.5137777343789163,39.099567722232734,1.2470951514784097,433.9540204275029
train_trace_320.pkl,1,"[1, 2]",2,1,,0.1670117512765723,0.8845435089093748,1.99993896484375,-2.0,0.900172285853201,0.070556778498738,1.2365596650953818,0.6104360116244009,1.99993896484375,-2.0,1.3790257175370981,0.06369933269561008,0.06413304425464132,0.44033126734238537,1.99169921875,-2.0,0.44497715937418525,0.10438300275450343,1.5476933901162973,0.7174063816289401,3.4640663768323336,0.017484628193158085,1.7058800503586424,0.04784076895593947,1252711995.190364,347935184.89346886,2.105588736420379,73.2120952414973,-12.016077268481936,92.2546939941563,-4.797949378569144,210.0418483472401,3.259415426927806,432.58929766601517
train_trace_334.pkl,0,"[0, 1]",2,2,-1.0,0.08677067310806057,0.7398891095172576,1.99993896484375,-2.0,0.7449597600500757,0.07282913165266107,1.207353118192346,0.45259653704606245,1.99993896484375,-2.0,1.289397214730538,0.053047634147998825,0.177201894320967,0.3513924367552785,1.992431640625,-2.0,0.39354435068966687,0.08142124774438077,1.4157869243010412,0.6065762626304171,3.4640663768323336,0.05014104024275899,1.5402556208008094,0.03766034715773102,2302294995.937125,442630234.1057757,0.001509689190628272,70.91085097907896,-15.421651013953353,74.18064464815005,-6.698468999316595,181.29635122663112,1.6622098640244662,425.40872140259506
train_trace_122.pkl,0,"[0, 1]",0,1,-1.0,-0.40533302990423226,0.256505773390749,1.99993896484375,-2.0,0.47967705481306017,0.024665036116914694,0.8243888685244938,0.4993675237127065,1.99993896484375,-0.97216796875,0.9638386432832289,0.023039240154308003,0.2530023852281413,0.24102620521094525,1.17431640625,-2.0,0.34943359673837526,0.028479952081803206,1.0971931724481458,0.27811146697480466,3.0017946359050067,0.18279286466608385,1.1318917111321667,0.02323889930761058,641614237.8149078,49538519.06739001,1.8698525300105924,47.40390306049168,4.66429552077159,86.04082551384408,1.8595347864180378,114.92041949003003,-3.2562157935029905,431.152856772775
train_trace_136.pkl,1,"[1, 2]",2,4,936.0,0.21271700873604935,0.944101340529555,1.99993896484375,-2.0,0.9677684986582872,0.08116013493068552,1.2139924343328696,0.6542955449745091,1.99993896484375,-2.0,1.3790867597040213,0.07149981508668513,-0.025024554967580995,0.6763318183402949,1.999267578125,-2.0,0.6767946194014953,0.10544541695150789,1.6481713825368687,0.7616023952322979,3.4641016151377544,0.029253100434659625,1.8156285728741621,0.059060192085710124,1428427460.819369,337811724.00261986,1.960115877085212,110.05651557049421,-8.21256218620028,86.44561237939779,-8.469099209303067,200.6257283254883,0.1870231088053823,422.97123127429626
train_trace_137.pkl,0,"[0, 1]",0,2,,-0.42167234174520485,0.11333534351774319,0.31152344,-0.8898926,0.4366376803290913,0.02994145479467891,0.9358112996812904,0.2537327297801069,1.999939,-0.08496094,0.9695994465617495,0.022724457693038158,0.08125979715552235,0.1137327527986595,0.421875,-0.5407715,0.13977944660398978,0.021873942016300173,1.0410502437700044,0.2579306773056529,2.1820267576168266,0.262877324572013,1.0725268501762266,0.020544495181787404,439874472.2354163,40056599.36195079,1.7846205766477676,37.95757366996524,0.025639715760354512,45.8275331597668,0.38588870800047886,49.68537626714783,2.3154073421037453,478.0547550126384
train_trace_123.pkl,0,"[0, 1, 2]",2,4,,-0.06984627821940408,0.9588877557687121,1.99993896484375,-2.0,0.9614282244370922,0.07733307396780625,-1.1943408605134491,0.6128166262256884,1.99993896484375,-2.0,1.3423838156319678,0.07997860234401595,-0.016781099629929012,0.5188412047601445,1.99853515625,-2.0,0.5191125129119388,0.11136507318970967,1.5706224478527109,0.727297371491062,3.4641016151377544,0.04931519761823416,1.7308426676843418,0.048485143218401985,1511084404.650982,383660289.43962175,0.003887956909071131,76.38894188566003,18.493137810781594,95.56454007162567,2.336716674177809,206.6889859202344,0.41985296587167853,427.8464401878534
train_trace_335.pkl,1,[1],1,2,-1.0,-0.06255567924903455,0.5253148260107937,1.5844727,-2.0,0.5290263504146637,0.040883764904583134,0.6966439722292255,0.3392275756081018,1.999939,-1.6286621,0.7748471927394873,0.10889180580670627,-0.6114387691583614,0.4422938878047774,1.996582,-2.0,0.7546398158190151,0.11822696272362612,1.1330189515021938,0.4074387790644744,3.361807409528198,0.033640061862993,1.2040507892728942,0.09450813728279926,471259311.44776344,183445439.6995799,1.8207038207751285,89.8234055849895,-4.786460574321697,109.12278929577695,4.6364335665554135,135.02940655950624,-2.0689462070814266,479.98839740677835
train_trace_321.pkl,1,[1],1,3,1018.0,-0.990753912156628,0.3542559520734103,0.235595703125,-2.0,1.0521837263677394,0.025886226381939756,0.042358861303992724,0.2912651102002529,1.623046875,-1.013916015625,0.29432913133248695,0.058172334384566295,0.0336019443174409,0.28767277599739993,1.23681640625,-0.8115234375,0.28962858407270964,0.051578236703136125,1.0675198127307357,0.37149212336647947,2.379841700446505,0.14755407764484302,1.1303118809850672,0.02628390688727145,654360584.8305262,111662757.29979724,1.8973786289929373,39.749554247037175,0.2109906348154791,35.85764117770159,-0.016195388121095482,38.83015662569165,-0.4145634107315953,432.74931476414406
train_trace_309.pkl,1,[1],0,4,-1.0,-0.2136615093776807,0.35622671008376594,1.999939,-2.0,0.41538982843426986,0.041687550010111936,1.1436914987943976,0.5156567838806028,1.999939,-2.0,1.2545645312922975,0.041291865607991064,-0.16726990532427338,0.28075958930150197,1.9631348,-2.0,0.3268105999075603,0.0501991611490675,1.2916887437953974,0.4299142124977046,3.4203789249124195,0.0409239701244822,1.3613544876171135,0.04433423901096485,834507770.9643444,140110945.37773013,1.8361596796233774,118.3850643623227,3.5824122255129343,139.2266446118706,1.8077595686751458,168.5207634247216,-4.387235119689223,481.0114892154762
train_trace_282.pkl,2,[2],0,4,-1.0,-0.7003477287909745,1.0862284328217677,1.99993896484375,-2.0,1.292431487349759,0.030623596755597806,0.2868654615284941,0.9679201040391694,1.99993896484375,-2.0,1.0095351013318716,0.018891967879609214,0.007299715801350122,0.3595113797676379,1.6416015625,-1.99993896484375,0.35958548084316644,0.050607819737454235,1.5491388400074724,0.6473104685757654,3.419143850232842,0.09321537164390684,1.6789407340187663,0.040777523817229315,220851184.59123507,209188780.96243697,2.9044602553332424,121.15568226896832,0.23657542602144013,102.82343705365449,7.617088737611246,149.10508093959206,-6.170420353466639,424.09917608294546
train_trace_296.pkl,1,"[1, 0, 1]",0,1,,0.30764530190242784,0.17287543621382376,1.720947265625,-1.636962890625,0.35289027788925525,0.03372723391572622,-0.9336474379677028,0.4536792880551512,1.613037109375,-2.0,1.0380377810243153,0.036272685532007444,0.11604400528569644,0.13883722517962935,1.9931640625,-1.24609375,0.1809474682285603,0.04306324158430198,1.0805989826066973,0.25904016698252946,2.5690175072632875,0.19006202613899445,1.1112137370105564,0.029619068332487536,374307196.7507934,105553973.65356444,1.7520495724042946,42.46151510622549,0.8728932221996859,67.62302827857636,0.34809247752043493,110.67722030850268,-0.29554439583517933,435.30973270596166
train_trace_241.pkl,1,[1],0,3,,-0.4623187175214826,0.2202161245310991,1.1240234,-2.0,0.5120876273395062,0.024243686882531607,1.0118967668550487,0.4480629456618536,1.999939,-1.4223633,1.1066595998982154,0.02197392515268808,0.005029631485327083,0.1668866245396764,1.7341309,-0.8330078,0.16696239889006484,0.037017949758221036,1.151451257554157,0.4347017969150337,2.870263588969863,0.07382701111614243,1.2307744109966734,0.02161207907981447,662345339.6298937,86288150.44043615,2.0022017648131425,61.091027733991226,-0.5542850459265573,76.09719165491465,-2.3739547043216773,124.4969394870609,2.1880447658960422,483.7621169187312
train_trace_255.pkl,1,"[1, 3]",1,2,-1.0,-0.0040521451202137964,0.16761968459696555,1.414794921875,-1.89111328125,0.16766865701275682,0.05916094508523397,0.9731892361070695,0.26620301180870304,1.99993896484375,-2.0,1.0089406983419225,0.053337968538544625,0.18029220150631953,0.2681229745128953,1.82763671875,-2.0,0.32310247195841446,0.04515600362539265,1.036029809502346,0.2776896694573248,3.035016188587184,0.07481745120485768,1.0725993281280692,0.05301515960418658,178363265.94809642,37751253.42585321,1.9889393787207728,30.57668396620382,0.5832739562139561,31.639915353328227,-3.703287493675817,22.624954756643586,1.0851650518418117,429.3418469182145
train_trace_269.pkl,1,[1],0,0,-1.0,0.1166417663680244,0.11938233092868089,0.53222656,-0.73706055,0.16690549002180208,0.04094087519019547,0.9840791074547715,0.3808784175159465,1.999939,-1.2624512,1.0552156455712884,0.020071338892999974,0.2999329997699265,0.15404367112594197,1.2648926,-0.7409668,0.33717837558915914,0.03823032983844817,1.0610156532940769,0.35954490913895004,2.152781978035873,0.23446768272884047,1.1202797678360497,0.020270888244048855,844068836.1994171,81320354.66753902,1.7692293932261365,78.38145107089063,-0.18600112394795118,47.32373173766152,2.4917329042352834,43.122301292179294,-0.19756676092064654,478.75497654333924
train_trace_080.pkl,1,[1],2,2,,-0.5561221202587516,0.7658253322175871,1.999939,-2.0,0.9464461168536046,0.05506532822129259,-0.9971425137772467,0.6609136290846406,1.999939,-2.0,1.196285926479049,0.08393283377273597,-0.048146589242478464,0.40091381053256964,1.998291,-2.0,0.4037944743696093,0.11571952527881968,1.439856022562139,0.6455423160584212,3.4641016151377544,0.019678703983555732,1.577944944391449,0.03938821846489076,2457196422.2331257,198100155.09386438,1.8239142471858412,61.20648927678993,5.828020115396224,43.93486985700107,0.2929858839092731,217.89013416118507,-0.5544411078188292,483.7268898685377
train_trace_094.pkl,0,"[0, 1, 2]",1,1,-1.0,0.8392070371462061,0.3563394652894639,1.99993896484375,-2.0,0.9117270785265155,0.036481559340257916,-0.25564511336573537,0.3215546428012019,1.99993896484375,-2.0,0.4107941239779218,0.050342208468022634,-0.5233493067905879,0.29653568248760787,1.9560546875,-2.0,0.6015213278900261,0.04207820135504904,1.101795103953653,0.384543280819757,3.4640311381684463,0.03340446908484085,1.166973001367154,0.03326280094012558,1225306243.0921443,155557516.79161096,1.8177702253473957,44.70782200254831,0.5837279792183235,35.11656081785907,0.0676432526684775,31.785974041839232,-0.8874625217351926,430.28411535438016
train_trace_043.pkl,0,"[0, 1, 3]",2,3,-1.0,-0.17041824077961548,0.5697881711472966,1.99993896484375,-2.0,0.5947276156105415,0.06308569605614707,-1.0429277910875898,0.46708442593642274,1.99993896484375,-2.0,1.1427450452201475,0.048490648801690794,-0.02400848278336097,0.26939793788669225,1.964599609375,-2.0,0.27046562846905525,0.06433518097592748,1.1996303382929336,0.5418541157685711,3.4641016151377544,0.019256180699913084,1.3163277826317268,0.04596509417660273,459425231.958279,127521641.58512297,0.002662208256722982,36.50225114692838,5.839481499792413,54.4370602927323,1.6809755160625008,142.22062543740063,1.3985885350768081,423.7826753127487
train_trace_057.pkl,1,[1],2,1,,0.10778855123558584,0.8538661359437061,1.99993896484375,-2.0,0.8606426377358387,0.07399701004519903,1.1841254661859941,0.5557954527428779,1.99993896484375,-2.0,1.308075573107249,0.051843368332706787,0.2021122504354507,0.4211127038705071,1.998779296875,-2.0,0.46710306265021617,0.1544809980504096,1.495402851057976,0.6585765248121501,3.4640663768323336,0.0674243743539311,1.6339989981594152,0.052123130185429654,2277733254.7693524,140136812.5850498,1.8015055597804668,57.26047271515117,-5.243122769429277,70.41978173065712,-1.0773635674296667,177.52634757528517,0.22393430858446112,434.65225700029924
train_trace_030.pkl,1,[1],1,2,-1.0,1.007271343101683,0.3780845857361974,1.999939,-0.06738281,1.0758919614000193,0.04516900987137302,0.06996878885111964,0.211709896995842,1.5732422,-0.9038086,0.22297244650243805,0.059690533815571205,-0.07608134469251514,0.21983127285060253,1.668457,-0.935791,0.23262450329519752,0.07412141154288926,1.0537900734009003,0.3884596056728763,2.743238476372262,0.01714903250284667,1.1231092484873415,0.039956852400765054,621219047.1022373,239293128.82748124,1.95869015607535,27.700106726609395,0.40137835279571255,27.440683455136238,-0.3028241698634246,30.922500113471873,1.460846476008539,481.34042321662264
train_trace_024.pkl,2,"[2, 3]",2,2,,0.13762802819073217,0.6833980973849589,1.999939,-2.0,0.6971186654028502,0.08501371188901435,1.071532069463019,0.7602058226024695,1.999939,-2.0,1.3138089163216995,0.04239034969797996,-0.03986879720047462,0.40790213967636046,1.9973145,-2.0,0.40984591805063236,0.10288397770249681,1.3655386839518597,0.7178760905847453,3.4641016151377544,0.01593847517122298,1.5427384674021112,0.04117151511892599,462414595.82636166,69687754.8513726,0.003473408016054935,55.77188430771508,1.4182868253661274,55.794079658079134,-1.4053762605524627,170.17433003530797,-4.465253560046654,476.9525920214816
train_trace_018.pkl,1,[1],0,3,,-0.32789267497789837,0.15318197843684106,0.23583984,-1.6958008,0.36190927705985454,0.028206517248028206,0.990295148031317,0.41701898897221656,1.999939,-0.096191406,1.0745181791751026,0.02029179789002029,0.01870644822840256,0.143630470692742,0.5578613,-1.3583984,0.144843513202147,0.03517551027903518,1.0620692360348896,0.4225591359617854,2.546392751126005,0.19065303913246265,1.143042993730553,0.019483798698019483,948059777.8641624,93353670.66047153,1.798406899646782,38.63499594383416,-1.942604322301206,51.28577714953508,1.7091501155231197,82.67390145773392,0.8927812252804468,484.20557862176736
train_trace_232.pkl,1,[1],2,0,,-0.06290108729833248,0.8418312072428888,1.999939,-2.0,0.8441779008427857,0.08678629101373966,1.2191514036519338,0.5364421547775745,1.999939,-2.0,1.3319535766868484,0.06143603345151425,-0.30635164907873147,0.4054015745641556,1.9997559,-2.0,0.5081355818601515,0.11237110611924545,1.5182430079989573,0.6632319329878891,3.464066397129391,0.06772031363899621,1.6567855709996313,0.04209405757485543,2114892066.0885067,122614337.58828536,1.7938062339180818,36.32554038861876,10.309433274900847,57.09800804504775,2.018032801466215,190.32468635609558,1.4006266884125826,482.6858769960822
train_trace_226.pkl,0,"[0, 1]",0,0,-1.0,-0.2792803917952986,0.1267507947500496,0.658447265625,-2.0,0.30669740985392213,0.026955104069950213,0.9762088237052522,0.22187179231483148,1.99993896484375,-1.03369140625,1.0011047695945654,0.03636416806182055,0.2558948794838029,0.1045813068931003,1.670654296875,-2.0,0.27644066107846516,0.029411549680881395,1.0659570369066964,0.1908640759354343,2.8841572761246144,0.29345043003572696,1.082909737703744,0.03496048485557416,204153161.0583143,115242257.28654629,1.8427886612410367,16.83662393605546,0.1780763956967509,52.86432276714608,-1.9079311672937578,109.06814976255248,-0.8311187444283734,434.3190525068397
train_trace_346.pkl,1,[1],0,0,,-0.257992231861003,0.16512143177109478,0.5322265625,-1.253173828125,0.30630879669176636,0.019147229568214488,1.0798299559189677,0.2628199318671479,1.99993896484375,-0.4384765625,1.1113537017019433,0.024269570120474274,0.028247638397022913,0.11940667589046189,0.566650390625,-0.503173828125,0.12270241775213224,0.025246388551370326,1.12902680009718,0.26322328392813465,2.17479536999204,0.3080576815778795,1.159304969600143,0.02313391942439187,462824296.9876996,67520275.49541202,1.8443560433431656,38.32558110603722,-0.6416635864723138,98.03486517222775,-0.1690633112169433,106.85178188780546,0.22165463264591356,433.77281867997004
train_trace_352.pkl,1,[1],2,0,-1.0,-1.1795674235298963,0.48579960210053535,1.1611328,-2.0,1.2756882691527722,0.04893419517471024,0.259455297635918,0.7137346336483811,1.999939,-2.0,0.7594301671256756,0.07681629663694506,0.029243382068619365,0.5181955096582472,1.9975586,-2.0,0.5190200011798985,0.07715694540251909,1.4182266094380336,0.6798012832447499,3.4641016151377544,0.04408073694239657,1.5727353561293487,0.0381356293060133,2718195828.4800806,97426121.03121902,1.8414733395199747,62.24571901284792,3.9812873710094188,117.8649537397001,-1.2108691945800347,148.2868704516364,0.8469242533402455,478.61198348950103
train_trace_385.pkl,1,[1],2,2,-1.0,0.013596293048516292,0.7322596670661665,1.99993896484375,-2.0,0.732385881347063,0.060704003263487384,1.215375588322368,0.4899644154988803,1.99993896484375,-2.0,1.3104209053373277,0.04385311168814868,0.017607768745752744,0.32577226038604357,1.998779296875,-2.0,0.32624775732138916,0.11020545849644232,1.3954808840055128,0.6423883014766409,3.4640663768323336,0.0479778258842646,1.536238792472984,0.03687113147304093,2818171913.906232,250397923.82140967,1.8970478838899638,45.201955647853296,-8.645178578317996,68.88028388078654,1.2226747541785525,190.96366240092863,1.6972061919495678,432.86355585870984
train_trace_391.pkl,1,[1],1,3,,-0.8697833183930155,0.43939624763656615,0.42822265625,-2.0,0.9744701552083882,0.05792023303184135,0.5238679816939468,0.3837131277080919,1.99993896484375,-1.740478515625,0.6493638630379857,0.08195164167132801,0.06601423928963901,0.2766439978094345,1.465087890625,-1.812744140625,0.2844112890041043,0.08947662821500564,1.1033576885890513,0.4845173911800053,3.0103468683372396,0.027793455997573647,1.2050540615775096,0.053382022353326085,659712526.15747,192034295.77076843,2.033922641437895,62.248640484172334,0.3490423842162468,48.49724043891881,-1.130295701624372,47.73214164151778,-0.559859483558477,432.2891717063894
train_trace_144.pkl,1,[1],1,3,,0.993914671286448,0.3634481772390581,1.99993896484375,-0.052001953125,1.0582820755057896,0.038703012000317887,-0.061561345178281296,0.19994994893448795,0.992431640625,-1.6953125,0.2092122876388092,0.07094227661659912,0.15394612334144422,0.2497434285095597,1.994140625,-2.0,0.29337891706046076,0.04760391003735198,1.044905705592042,0.39745941683732994,3.0449928149412995,0.16910347123015004,1.1179454018920039,0.037307831554036754,751726824.1907182,129270276.29621811,1.8858253546820978,30.16352203226678,-0.1183462937897496,29.50351883619318,1.674906080407118,38.24876552526107,-0.7403045766398745,432.19395672839636
train_trace_150.pkl,1,[1],2,1,,0.4826390983048805,0.9380039254059168,1.99993896484375,-2.0,1.0548895028814425,0.09964665725753981,-0.4014850789961488,0.8618645895548555,1.99993896484375,-2.0,0.9507895873352333,0.04347216800296287,-0.6751735083649053,0.8880146163112683,1.999267578125,-2.0,1.1155398805870744,0.04677537211094762,1.652608594116398,0.7280843100269407,3.4641016151377544,0.0626890185277759,1.8058853584474248,0.04708567310290982,2064015888.2326622,155240217.156923,1.9567905659525333,84.43020966603139,-0.26207226808830225,173.37667760442315,-0.869997337336421,150.58995596794446,-1.0659425858883123,435.0985478995922
train_trace_178.pkl,1,[1],2,2,-1.0,-0.1361923996172766,0.7263970436598771,1.99993896484375,-2.0,0.7390541487274945,0.07753894660396242,1.1664142097818018,0.5314049728802493,1.99993896484375,-2.0,1.2817618164006774,0.039411571946046,-0.21889966294703647,0.47553597670930775,1.99853515625,-2.0,0.5234993100121541,0.10158443375756127,1.4287672936438003,0.6494535679562137,3.4640663768323336,0.06529746288610908,1.5694476468864091,0.04079319109741301,2212405908.4072704,189975572.4964836,1.7541434901002353,106.34277237541545,2.9896653304952086,74.15561159930677,-0.9602182763180619,133.28544372903835,-2.5136346804854113,432.4741977817159
train_trace_187.pkl,3,[3],1,4,-1.0,-0.6517416367210394,0.3451604760885187,0.7871094,-2.0,0.7374977391758377,0.03811182970193065,-0.4885671135249304,0.22955077214102648,1.999939,-2.0,0.5398068000763083,0.06429133952222991,0.34500803734154545,0.3592621095322012,1.9887695,-2.0,0.49809618466295497,0.04216881846168532,1.018655415395603,0.21385801495174256,3.018315602406185,0.037163143632629146,1.0408621935078093,0.09798821086795695,10912768.912606021,15756766.954895277,2.0415464864618493,29.098310353353945,1.7293341628027874,38.59464366466606,-0.059920175891227674,26.35766216412913,-1.9096375985427407,492.17636703834955
train_trace_193.pkl,1,[1],2,2,,-0.049906777506570514,0.7832590442346552,1.999939,-2.0,0.7848473844108012,0.07686969716596194,1.1850303043858774,0.5298789970308219,1.999939,-2.0,1.2981019119496262,0.059761840875655774,-0.3602515302595412,0.5553591335984351,1.9980469,-2.0,0.661970492035367,0.07575939821797019,1.504674971377979,0.6893563327176836,3.464066397129391,0.017647500358135167,1.6550706700770503,0.04455074528816884,2210056091.298259,120003738.77503324,1.7791485856913405,88.18434928737855,7.653828917432225,57.10697572090146,2.1818683379733805,165.49059854794695,3.291004975709539,480.3917679404506
train_trace_192.pkl,0,"[0, 1, 2]",1,1,,0.9072793005139304,0.4862185292554743,1.999939,-2.0,1.0293513429983,0.04633742067235048,-0.2268895590130693,0.3148670457167583,1.3747559,-2.0,0.3880980912959303,0.08295863515233656,-0.36259849022674956,0.3145788102747165,1.8908691,-1.999939,0.480039053607698,0.06556836601067775,1.10356763742895,0.4719748705259714,3.391140549953829,0.022895913686854875,1.2002590590320583,0.04809567853185469,868317169.0924928,182025921.79121518,2.568668820240397,65.85306311504308,-0.6063338379532784,56.15260188539406,-1.3015142029328661,51.450616234790495,-0.367613150421749,484.958935503362
train_trace_186.pkl,1,"[1, 2, 1]",0,3,,-0.4936232530957944,0.4707195216804789,1.6333008,-2.0,0.682085613459171,0.031552664285474354,0.8767768279528603,0.5469201724007231,1.999939,-1.7614746,1.0333727696305512,0.025080897089944126,0.2626666018098126,0.19402915384512484,1.494873,-0.85009766,0.326559422231498,0.0307688862514136,1.1812626492425466,0.49432749757072997,3.1288507892338617,0.080295545931145,1.2805237683659214,0.0244314810045795,694367713.5638555,170094697.78735775,1.964464655148102,57.83376588468426,-3.582651317876064,56.61493734855551,-2.583800659428554,126.71626477237443,1.3459698187793245,483.670231767561
train_trace_179.pkl,1,[1],1,4,-1.0,-0.8586072874991265,0.45465172605257814,0.19360352,-2.0,0.971552708888816,0.04047403523009853,0.4415067530602414,0.3250976011130483,1.999939,-1.5356445,0.5482852024697144,0.07968910946717858,0.1856784684105492,0.3805680586583088,1.9980469,-2.0,0.42344839225369757,0.10816659903653068,1.0716562685475548,0.5247787270663933,3.464066397129391,0.04536222144639746,1.1932476148305067,0.04365785393971554,955803058.6269617,105071183.47976339,2.237048011671553,52.76504758617739,0.8023209425433766,32.962449486536904,-1.1158402293524845,28.238758835850284,1.2177292230261259,477.6107408889661
train_trace_151.pkl,0,"[0, 1, 2]",1,3,-1.0,0.17619014579282366,0.491314585759931,1.99993896484375,-2.0,0.5219511372292899,0.06513394032622404,-0.3432423035479966,0.6565723689215446,1.99993896484375,-2.0,0.7408795816974469,0.05532227442176305,-0.8871299853610358,0.6272844400878229,1.862060546875,-1.99993896484375,1.086501440267322,0.06688008425837387,1.2366283923655703,0.6874381013076328,3.4640663768323336,0.02551357140017918,1.4148572097332288,0.04174115494948655,598659519.1045506,331830806.5004808,0.00277626612814462,71.49850267791206,-0.07028177942246397,57.92661162955321,-0.4761031884576159,65.91689273880691,0.5242817153423166,424.8114525721267
train_trace_145.pkl,1,[1],2,1,-1.0,-0.04255308414988973,0.9487946300314668,1.999939,-2.0,0.9497483956012854,0.0798985213413016,1.2815063884290814,0.5892471161870564,1.999939,-2.0,1.4104860111037294,0.04411561773541244,0.15939975542265444,0.4496404508485181,1.9995117,-2.0,0.47705850486922535,0.10528941586081714,1.6133353357674547,0.7184891884354975,3.464066397129391,0.06096969088693287,1.7660910564109051,0.04632352160667466,1619680267.8424263,340087046.748727,2.2125445007495133,48.512780634554105,-1.4669440048191873,48.888686523281,-5.1523868147969285,221.8825096699038,-1.0319394203881624,481.48402435607096
train_trace_390.pkl,1,[1],0,4,-1.0,-0.1506911608447831,0.19525153608947016,0.551513671875,-1.1806640625,0.24663938919411463,0.025603915332831857,1.1373300889437696,0.31228362952973754,1.99993896484375,-0.69970703125,1.179423925689618,0.03212629614465403,0.053300772695407714,0.164999024666551,0.6640625,-1.3486328125,0.1733944938884757,0.038886720051798176,1.1877214144978654,0.26693684055443984,2.1965425250941135,0.08304621985994379,1.2173485266356534,0.03220246993515706,233271281.7617934,124461886.0259744,1.9400214168384666,46.58929785377375,-4.242064965926315,82.70812014470462,-1.241462104281298,153.66223268845732,4.74922559669583,425.43249959197425
train_trace_384.pkl,1,[1],0,2,,-0.1688020003698299,0.24926691629715717,1.337646484375,-1.7607421875,0.30104503133111166,0.03179368402298339,0.10713596409239817,0.2430888167923208,1.3623046875,-1.4384765625,0.26565068727842234,0.03885795732929491,0.8948993421878619,0.4140259091942929,1.99951171875,-2.0,0.9860336130844773,0.023161551823972205,0.979082860158115,0.4181595839122694,2.6418900591401004,0.01858518002262525,1.06464110604141,0.021468976882989623,1003927681.5107297,75613012.6274127,1.9591434213337158,83.87573462278306,-2.071411471002594,67.45192955213449,2.346766443589666,70.49423024842409,-1.6503070344131103,429.5555873095573
train_trace_353.pkl,1,[1],0,2,,0.3870333276737302,0.22692795728570667,1.999939,-0.43603516,0.44865476095553086,0.02293386706696689,-0.9831070976681683,0.3760768878025643,1.5612793,-2.0,1.0525841491419066,0.024740777805576406,0.10509160340635146,0.15623692038127426,1.7963867,-2.0,0.1882929111696521,0.035230126298427526,1.1236798422393937,0.2863953876975845,2.502620931170234,0.09187151451755074,1.1596028224998411,0.026575487170933755,403598077.34648633,38949622.662985206,2.0004894464811946,27.365227753342854,2.222571009615224,59.566517906520666,-2.243966539813797,129.7340541862788,0.2969460400643069,479.8953242510591
train_trace_347.pkl,1,[1],0,3,-1.0,0.44726402078835104,0.4190022141168303,1.99993896484375,-2.0,0.6128686317038657,0.015647113634965147,-0.6582977251999824,0.7311214421059625,1.595703125,-2.0,0.9838162725380049,0.007700489631589588,0.1106564555322403,0.3122869781312014,1.67626953125,-2.0,0.3313125531296333,0.027391239374467077,1.1421151517972719,0.3858022883984927,3.4640663768323336,0.11314173032012345,1.205516663384799,0.02266194323086525,777877339.8697797,85590925.86392224,1.8906883035630258,94.02262170363966,3.3949707127824613,76.4139945198905,-3.389181601179635,114.37974660657885,-1.222220687758906,432.24102786325005
train_trace_227.pkl,1,"[1, 2]",1,4,-1.0,0.549398711233428,0.39465319886536443,1.99993896484375,-2.0,0.6764540570353736,0.06873962499582215,-0.19361143877162015,0.35523364540652674,1.99993896484375,-2.0,0.40456931674563107,0.08977372742566204,-0.8500711485238849,0.4309312195269551,1.9541015625,-2.0,0.9530596379638084,0.05174968526832964,1.1407018762964427,0.4778999123886966,3.4640663768323336,0.020604948064363263,1.2367655787768954,0.04966632872469613,573737632.0055444,230240314.67103696,2.1402975262032307,57.789845483525895,0.9329991332137436,56.096874344576506,-0.45238552671490295,64.79511822445785,0.06228938247218276,425.2142149021154
train_trace_233.pkl,1,[1],2,1,,-0.03269502880034982,0.9276939755756388,1.999939,-2.0,0.9282699376946286,0.0891612890926595,1.2361363160641525,0.5903362541546997,1.999939,-2.0,1.3698649148226465,0.054293639370514055,0.10078913948483567,0.4019300098891048,1.9995117,-2.0,0.4143744484008993,0.1175663181172613,1.5476176928478342,0.7174960782900086,3.4641016151377544,0.04656370537712035,1.705849098125973,0.04706846755821601,2328784935.160589,140890956.87173277,1.9193675116690392,38.165141785082504,1.2595512772464061,56.495556363001924,-5.63441941172131,215.34344614776268,-0.2913717264307418,486.47719441446316
train_trace_019.pkl,1,[1],2,2,-1.0,0.01254595656480108,0.8070631326868298,1.99993896484375,-2.0,0.8071606414886726,0.06520355402094397,1.240905390786273,0.48088977620267587,1.99993896484375,-2.0,1.330827248646004,0.05095608046247613,0.19156654658062117,0.39322106317659433,1.992431640625,-2.0,0.4374020419414575,0.0987557438942513,1.4862005985650222,0.6365043550727875,3.4641016151377544,0.04163725132542987,1.6167652931707976,0.04966561162119508,1792726836.8841672,501495498.36646616,2.010164152537888,87.69609079480958,-13.203060653592859,76.89177661127094,-8.279386508677687,191.51202574033084,1.650987725172724,430.9922853592447
train_trace_025.pkl,1,[1],1,3,-1.0,-0.9668038192414361,0.3987092014428609,1.200439453125,-2.0,1.0457909218457728,0.04426352496596182,-0.0017367929979831987,0.23917920715737234,0.997314453125,-1.36279296875,0.23918551291068418,0.07442088786388433,0.22865875868240473,0.30667994525265246,1.99658203125,-2.0,0.38254073867020766,0.06144470069558291,1.0536628366911647,0.4324585588465725,2.8398421128804814,0.14657386589307725,1.138958198769264,0.036779756777533874,844006040.8460108,123872593.59946054,1.9292402273813165,31.474674425180353,0.10771771189582793,22.72612798467161,-0.31710165664862794,28.238514975097555,-2.1515765978728942,431.4041927749181
train_trace_031.pkl,1,[1],0,1,,-0.06388084717862061,0.12633009319413885,0.683837890625,-1.523681640625,0.14156290150564904,0.05206323668764103,1.0054971002575406,0.2961131651228467,1.99993896484375,-1.71435546875,1.048192456176533,0.0320614642060987,0.19063469751967185,0.13741143990556984,1.686279296875,-1.12353515625,0.23499679086178776,0.0348428967802191,1.0529417628123572,0.25550854410182844,2.5242147872454495,0.30679812911680465,1.0834994102367708,0.031897850525268084,571101851.3926363,92771471.46328834,1.8169327851399935,42.70900711817419,0.6528843135733879,40.829280967449535,-1.000448671310984,63.4450454069632,1.7314556381465254,435.4498617891333
train_trace_027.pkl,1,[1],0,2,,-0.382127944588915,0.282235010896473,1.923095703125,-2.0,0.4750561729011435,0.017219812099113725,1.0807331526507884,0.4564472006806059,1.99993896484375,-1.3193359375,1.1731701471856815,0.02351866145015481,0.06083116497529831,0.27956976334388084,0.958251953125,-1.723388671875,0.28611131261871753,0.034075887827251836,1.2755839520099315,0.23822641801925507,2.5054755931614485,0.14177424983332482,1.297638718930489,0.02759073448132081,198823244.30356243,60621522.2083956,0.008865594156214504,33.89275936829144,3.793554935495933,86.62167094579186,2.1597881872151405,179.47376400353536,-0.9256339902316026,428.90085530876
train_trace_033.pkl,2,[2],2,2,,-0.12073106411924847,1.2439418282764456,1.99993896484375,-2.0,1.2497868866247206,0.09003972605202136,-1.2561902476001616,0.8285789968777304,1.99993896484375,-2.0,1.5048445408854236,0.0936168682928583,0.06736428099251836,0.6564313891019509,1.983154296875,-2.0,0.6598788638469608,0.127393000305585,1.9095897045780814,0.7844945056105396,3.4641016151377544,0.0515535751479436,2.0644525834137557,0.07896676313566177,520487442.42917943,240786191.39267388,2.9547513439673634,83.84443589655372,13.1214721675299,130.44549702146935,0.9127209026785393,271.247900168062,-3.912362073185734,432.8373918165971
train_trace_225.pkl,1,[1],1,3,,-0.7605900491776885,0.4457083092085343,0.9819336,-2.0,0.8815628847709326,0.05588616807438287,0.03799903284557183,0.23569253380385022,1.999939,-2.0,0.23873604040462323,0.11190106049053876,0.616261459262809,0.3454517113850833,1.9978027,-2.0,0.706480764827755,0.06498598885049163,1.0346927876082783,0.5125172417946015,3.3425815715551357,0.017708191333434188,1.1546701207987224,0.05550989692150786,938328247.8676594,123798326.3073323,2.1398765796261294,38.81715103000381,0.9881371351295551,34.62372256431954,-2.3562201109799887,26.10869001526961,0.3616908084467581,477.2600865167523
train_trace_231.pkl,1,[1],1,1,-1.0,0.9892142431433213,0.3720982099207493,1.999939,-2.0,1.056883104540819,0.05444656319647268,-0.0569058849581098,0.2379188770598764,1.999939,-2.0,0.24462966256016094,0.06626598115651677,0.04771546208470536,0.22912908971465776,1.7067871,-2.0,0.23404466470189964,0.06513955602758133,1.0422685149446103,0.38118081837720985,3.4641016151377544,0.07250318913273901,1.1097848771467211,0.05038338683852696,675144829.0323033,130775738.2197507,1.8551919382392363,32.66365567193001,0.6105276155357877,26.835224988849223,-2.231311113112264,32.72492588562703,0.453312538031958,482.70486462988384
train_trace_219.pkl,1,[1],0,2,,0.186501064026679,0.25558717994611446,1.999939,-2.0,0.3163976192007313,0.0533409379477047,-0.9724580441291412,0.39858972779334884,1.999939,-2.0,1.050974984808797,0.03774468865215,-0.2137545745646587,0.2306157990989308,1.973877,-2.0,0.31444342089055805,0.05184717441047264,1.0989518327000307,0.3095729420933663,3.388718141722178,0.037775584462237284,1.1417226182707858,0.03989027627835604,783009056.5148687,126236037.59310181,1.8035122297956303,55.69474017260211,-0.8096624535143941,98.8462913449259,-2.62196514294319,112.40436094307731,0.39105340673669226,480.8812511157934
train_trace_351.pkl,0,"[0, 1, 3]",0,3,287.0,0.354709633611021,0.3524614432557036,1.999939,-2.0,0.5000479908552361,0.05945184887204514,-0.5063906149505061,0.661649821863654,1.999939,-2.0,0.8331938199975781,0.04992430898870457,0.19258979337089818,0.573717599481311,1.996582,-2.0,0.6051799009098395,0.03489196828387835,1.0954611774135832,0.3323664484953382,3.4641016151377544,0.047338735135275464,1.1447718756615917,0.0829742862284704,123150248.81240231,44798176.490829445,0.002115251640945725,43.1042482243463,-1.0015525100958882,63.009543301602285,-4.5295276883807905,71.2731896451046,-0.9959021876852981,510.0246725004863
train_trace_345.pkl,0,"[0, 1]",2,4,-1.0,-0.14891385289196052,0.7697249003106165,1.99993896484375,-2.0,0.7839972944732123,0.07312169216759383,-1.1868926651960705,0.5133920907784145,1.99993896484375,-2.0,1.2931688356784905,0.06350136596009413,0.0800305199774441,0.3722418806174031,1.989990234375,-2.0,0.3807478191840908,0.1140373813237641,1.42057195709157,0.6433363131751914,3.4641016151377544,0.040422050012682224,1.5594570520295905,0.044855785269269956,1607344936.4418118,407276624.4908153,0.0018053050326286334,59.49103493846021,3.158735389731485,70.73067876719233,4.5225350621526665,197.18951489983888,0.8700015017976668,424.53916937714354
train_trace_379.pkl,1,[1],2,3,,-0.03533467405045371,0.8362748943181634,1.999939,-2.0,0.83702104994863,0.0918846116603139,1.139347791806158,0.6414729126843005,1.999939,-2.0,1.3075170700228922,0.05834558402802842,0.1532405639851295,0.45480562236393046,1.9990234,-2.0,0.4799279368658619,0.1253884277150327,1.4528271464153912,0.7278936966901071,3.464066397129391,0.024789592317504265,1.6249726000898226,0.03832780218135723,2729303090.0806484,246788527.81155485,1.8490993921693866,37.06428001382184,-6.297764981174314,67.10679069930309,-5.770530837870247,213.24550022857244,-0.95455371565691,484.81625047143405
train_trace_392.pkl,2,"[2, 3]",1,3,,0.8161905221339447,0.7354921925816069,1.99993896484375,-2.0,1.0986881876901111,0.05202467726827378,-0.25445279064720605,0.536520406518573,1.99993896484375,-2.0,0.593801624516981,0.06033656693116851,-0.1283723592963535,0.4982756679797572,1.578369140625,-1.99993896484375,0.5145465031772981,0.04582306011046631,1.1932427501756473,0.6329659912933948,3.4640311381684463,0.021290686309202098,1.350730989864663,0.057784859871445646,475110534.5915667,827670467.9230764,0.0021515602426579695,96.60153867710294,1.8561730397148033,183.15335430418463,1.5599282829028382,49.82220369024926,-1.5974513012001372,427.7589000535514
train_trace_386.pkl,0,"[0, 1]",0,3,,-0.4263215550163657,0.13529103089998226,0.5957031,-1.3891602,0.4472736649005306,0.03037937281796481,0.935448618816041,0.3118811250722563,1.999939,-0.3803711,0.9860699542229117,0.02516970304882316,0.06733943372287658,0.12856057674450982,0.59472656,-0.75268555,0.14512898134762292,0.02090088408873545,1.0475056086691004,0.3101324023195624,2.177232827082932,0.2632822083129467,1.0924514209619236,0.01906583622975421,734663103.7127333,43803240.2895056,1.8272722326810842,43.90514983309011,-0.4302068958622557,49.73098008034502,1.005231458174958,50.9970800051988,2.904592629616027,484.89318216176116
train_trace_153.pkl,1,"[1, 2]",1,4,706.0,-0.5665849030969077,0.6836704992714907,1.99993896484375,-2.0,0.8879323194880686,0.04946661933018884,0.009429462155297476,0.6535558561382661,1.99993896484375,-2.0,0.6536238764374815,0.08738651924735,0.31947859293839914,0.8465641233610988,1.999755859375,-2.0,0.9048410834550149,0.06911125762878058,1.212288687196236,0.7514928482990997,3.4641016151377544,0.018030078552379643,1.4263188150440513,0.06515528055316056,561969964.5982202,225930336.33606747,2.6552653406170195,111.1150310700561,-1.7153487387366446,99.69958733382582,-1.550448724376791,115.05399838818902,-0.14327634564276673,428.7433085937397
train_trace_147.pkl,1,[1],0,3,-1.0,-0.26090462389206753,0.24593693137265252,1.999939,-2.0,0.3585473427335057,0.03457831642272715,1.0386255811068341,0.3766376646933295,1.999939,-0.7128906,1.104807235763395,0.02806254439582219,0.22037706820476344,0.17756155837325518,1.9650879,-2.0,0.28300911505191106,0.04684691005077567,1.1438593758362376,0.34761345297673707,3.464066397129391,0.1172952789727153,1.1955121849562544,0.02785207531285352,680609415.6367545,57130344.8414544,1.8353926517767332,39.02326338757368,9.403488216835404,92.99248381546886,0.7854146920916849,133.05795245373207,2.8305884702509814,485.7617792456284
train_trace_190.pkl,0,"[0, 1, 3]",2,2,,-0.13541732472755696,0.7370635357226261,1.999939,-2.0,0.7494000984309431,0.07103540524864167,-1.1163704784554345,0.6257543517965124,1.999939,-2.0,1.2797857453336043,0.04675718225831272,-0.29555727661985176,0.3544245552117839,1.9912109,-2.0,0.46148766949942915,0.09135998295434368,1.4013889147880243,0.6697253467628757,3.4641016151377544,0.020720334483654023,1.5531976469810307,0.0416671598858888,952836445.9914341,180695953.68603504,0.007104408712661229,53.71066040631835,-3.089913092080871,56.03588801560778,-1.0022055037522841,174.59655906027086,-8.43067946378292,474.96589762614275
train_trace_184.pkl,1,[1],2,4,,-0.6074220719314121,0.9165317854990414,1.99993896484375,-2.0,1.0995417624171944,0.09184553335496731,-1.0687587083296755,0.736357951075892,1.99993896484375,-2.0,1.2978706440717434,0.06582912243289601,-0.24102110240954955,0.6135152816983503,1.999267578125,-2.0,0.6591602025942714,0.10931343006814705,1.664408299570892,0.7467914575344065,3.4641016151377544,0.11466477129907464,1.8242676527107617,0.052514950628158176,2422841707.487246,318781309.1669818,0.9968704341672765,99.38102897726041,1.013737831177971,86.78387223270178,-0.0655471774594859,227.27001804701703,1.973488019245206,424.77953947758505
train_trace_185.pkl,3,[3],2,0,0.0,-0.09616264779576833,0.3623634331651388,1.999939,-2.0,0.374906004921659,0.10665584650832524,-0.9998606374085507,0.5489261847805846,1.999939,-2.0,1.1406319522864514,0.040894402017186665,0.019303186288105435,0.12923957410406053,1.6147461,-2.0,0.13067318208214054,0.20326923355601606,1.100569708229179,0.49741085728694384,3.464066397129391,0.013199407889524187,1.2077546288955354,0.043995536684684165,498138201.7622917,28012670.752100635,0.9902538456104346,16.931427349071427,-0.9099733469139233,20.976270580973836,-1.4711241127037735,91.43552185590625,-0.05600210667179186,444.312744140625
train_trace_191.pkl,1,[1],1,4,,0.9861725605200062,0.40925167688393366,1.999939,-1.3347168,1.0677187149033667,0.05151880101699451,-0.011507254841139382,0.2335644984806803,1.7280273,-1.284668,0.23384779636445294,0.07926312502787813,0.10976427823457857,0.24441952890272733,1.4353027,-1.999939,0.2679348855326405,0.07127882599580712,1.0448482891683908,0.4180779849820889,2.841433963911124,0.021702440021644263,1.125387554980415,0.048655158570855075,744127515.1375471,138115737.03942838,2.0113226278062304,35.2482521896534,-0.46698257254197295,27.215442914133774,-0.24997578857833463,29.63243787910519,0.38840285218779436,474.9894195737579
train_trace_146.pkl,1,[1],0,1,-1.0,0.31150329706769336,0.16877227698249134,1.205322265625,-0.2373046875,0.3542857399923096,0.020151968685240617,-1.092416567118021,0.2780473903560781,-0.12158203125,-2.0,1.1272463383829405,0.020041446005065622,-0.010122866395859813,0.12261642065094149,0.66259765625,-0.474365234375,0.12303356874169365,0.025309693760073682,1.155240143889625,0.27705624328435696,2.2921770408927418,0.40310197513089807,1.1879982962937963,0.02002302555836979,408479440.7242326,32664564.196164817,1.8984241926882752,34.52168018612791,-1.8706484737559261,76.72411653855544,0.31215857166545496,131.17171776334033,-1.9714859710342583,432.83037885212843
train_trace_152.pkl,1,"[1, 3]",1,4,,-0.7776026746471091,0.2950379446026337,0.885009765625,-2.0,0.8316930373483263,0.05722070844686648,0.587653941942538,0.22478158306399176,1.99993896484375,-1.36376953125,0.6291771734299949,0.055027304487433155,-0.07550732202709325,0.1726151973300885,1.99658203125,-2.0,0.18840743623596326,0.08531663029837078,1.0163627427435604,0.3001355712521231,3.4640663768323336,0.0713496538577542,1.0597521342125484,0.0543828507467749,235809531.33790988,55827739.114517376,1.9730827776534454,32.523017578786074,-0.548759693692286,25.145807048642705,-1.9249971282119862,18.37868638896799,0.987927578982672,421.4292327604149
train_trace_387.pkl,1,[1],0,3,,0.35813656631315016,0.22957560075169378,1.999939,-1.0876465,0.42540187657211215,0.026371525345508188,-0.977922477842371,0.4000272579890645,1.2954102,-2.0,1.056576632243782,0.023553068574207,-0.02775911843016515,0.19841366917784684,1.9978027,-2.0,0.20034608249884994,0.028168085509670933,1.0979622940300833,0.3632331070476915,2.8403323918489205,0.02677210998667135,1.156485836129143,0.023684926200934542,783630645.355892,125690194.91782273,1.8436420450313087,41.53728195792797,4.712280974295968,66.66704153618679,0.0003010379563142238,111.55731145931566,0.8798972272622463,484.6802942302989
train_trace_393.pkl,1,[1],0,0,,-0.1174918875528008,0.21630858029386757,0.48681640625,-1.671875,0.24615796868975934,0.03190048698241303,0.9845225481549779,0.46163991935183296,1.99993896484375,-0.2314453125,1.0873803671966575,0.022689972467108507,0.05443468667253529,0.1451082679730051,0.813720703125,-1.158447265625,0.15498240076622427,0.03652816516147547,1.0476448367984348,0.4116426229037145,2.1038938313389295,0.0744104419538356,1.125615099872718,0.023246011318081128,1014667544.891709,17304873.525735475,1.8598961930441105,41.77632491027529,1.1366662036262432,40.74094518585994,-2.8151687171028477,59.01411000982977,-1.9816902074158353,432.9133325002483
train_trace_378.pkl,1,[1],1,2,,0.4165045340443465,0.3014444776618177,1.99993896484375,-1.5947265625,0.5141447266989172,0.04792959513789895,0.2047961755256059,0.27310157271020563,1.99993896484375,-2.0,0.34135896432744006,0.07651663238043209,-0.9235626206115373,0.3307912654790524,0.35302734375,-1.99993896484375,0.9810151759825549,0.04422497460542377,1.0940929409351285,0.38239005560162187,3.2329122303937474,0.18191523968702952,1.158991595322024,0.04522368567063021,786237577.474543,150072479.97147384,1.8106773072241256,49.846189740124046,-0.5571343995807797,24.041471013857024,-0.7410476651226878,34.748371056983686,-0.05129757099417317,429.9059057096158
train_trace_344.pkl,1,"[1, 2]",0,4,-1.0,0.47267979356361917,0.47985142198669156,1.99993896484375,-1.154052734375,0.6735603717752371,0.02185470202440231,-0.779781360186088,0.6672498984062069,1.78857421875,-2.0,1.0262949851854286,0.01754903096082787,0.11516177174377185,0.21872829314018832,1.72412109375,-2.0,0.24719283948202217,0.03562442757734943,1.1830918934633434,0.41032041449976625,3.020938531164741,0.06057738489107713,1.2522257268296078,0.028202671832068302,549509243.947873,137326858.87755448,2.679199083285664,72.84925783537479,-0.8608953146013283,68.48718622828233,-1.7540939572645755,149.77056771249514,-0.658963090826892,426.5155486282109
train_trace_350.pkl,0,"[0, 1, 2]",1,1,-1.0,-0.8113697369893392,0.3916809942561595,1.26953125,-2.0,0.9009632907969354,0.058669021409702836,-0.5421134425305772,0.3966953932908322,1.99993896484375,-2.0,0.6717545828876209,0.10357626598618584,-0.23193518868808088,0.3869435009966272,1.976806640625,-2.0,0.4511310283224847,0.11331951418458291,1.1240975732130318,0.4504585681347837,3.4641016151377544,0.05923819592548669,1.2109947463591522,0.05738189491959201,703157954.5988438,740339487.0951858,1.8140908629799233,99.06650782005384,1.2841972583098429,81.54364985963171,-1.1621261465138402,47.11840836681321,-1.0212698658764134,433.31960737916853
train_trace_218.pkl,1,[1],2,2,,-0.06262164996696995,0.7774418337711443,1.999939,-2.0,0.7799597912341542,0.08761386276615805,1.1738238392788183,0.5799661444191224,1.999939,-2.0,1.3092834430831422,0.047078308066936136,0.16569850956765395,0.3733973525110802,1.9973145,-2.0,0.4085114183657855,0.1140964359211918,1.4297230235808105,0.6673335485736077,3.464066397129391,0.027140268877422154,1.5777965614137008,0.035353825215017176,2687692506.1143155,146774069.9976628,1.8468159580686883,26.398082831282167,-3.0416707323715895,52.66279334807322,-4.189946153328831,193.32946685814855,-0.2702281116821052,482.59988684743877
train_trace_230.pkl,3,[3],2,1,,0.27678966704266433,0.5032133387838271,1.999939,-2.0,0.5743136635250424,0.08305244708103006,-0.8779787389208302,0.6121567776367727,1.999939,-2.0,1.0703189180817316,0.04614880872127738,0.35481950618781993,0.3710786997281778,1.9980469,-2.0,0.513416286616741,0.06864538993432077,1.1849154413555234,0.5787835957555926,3.4641016151377544,0.01615207491066327,1.318717200114766,0.04476203316704867,353763302.57197255,43654397.82591015,1.2132229837966628,38.1865970872722,0.017690438306355825,52.1724449252891,-1.9078129885940676,109.20417565498454,-0.809422913807685,487.7465115539833
train_trace_224.pkl,1,[1],0,0,-1.0,0.16241142094961541,0.1463865712755018,1.1240234375,-1.700927734375,0.2186469709478518,0.0231814435749153,-0.9927405240529555,0.29099881844113223,-0.010009765625,-2.0,1.034511508119205,0.019617234991230355,0.31655774244955287,0.12334728518717152,1.064208984375,-0.448974609375,0.3397401316709624,0.026992188325455916,1.0690952565541179,0.3007976858571734,2.1759111649852017,0.18208062807891603,1.1106052023124804,0.01991307839145717,818856676.9937009,77046742.28760293,1.7898829694522642,52.04952731153143,-0.5563860424312169,93.19980513205286,0.18925840390060392,88.73177509828608,2.3664821434300447,434.8211673833196
train_trace_032.pkl,1,[1],0,1,,-0.2086465747435201,0.23370986152775255,0.60888671875,-1.471923828125,0.31329489706588676,0.028897820665541148,0.020947697884127973,0.24839531505524887,1.1748046875,-2.0,0.2492770318100748,0.0410671283004962,0.8886966681784438,0.4197815023217689,1.99951171875,-2.0,0.9828521138619931,0.022564638734392007,0.9749518173313784,0.41923735845079046,2.3499214935378516,0.03255961013241863,1.061268584684647,0.021759064848697798,1078883964.0057497,91960978.53882219,1.9344384505515384,83.32362304484275,-2.019601971233854,60.17010219558547,2.005795727667945,67.11741931427851,-2.066602566989871,434.0376071189407
train_trace_026.pkl,0,"[0, 1, 2]",1,4,,0.6300325092219884,0.538937890033749,1.99993896484375,-2.0,0.8290928850198778,0.045273682364128175,-0.1818307648381243,0.42978824085046113,1.99993896484375,-2.0,0.46666943226972907,0.07351434189754337,-0.6849419124721601,0.4553721484979626,1.742431640625,-2.0,0.8225018036993418,0.04422123542499469,1.1330581544742617,0.5457690048670651,3.4641016151377544,0.01806805577351405,1.2576504236449038,0.04080539886815794,1104211509.144002,376236799.8427995,1.967751030180345,99.53783772144823,1.3217635837932458,95.70869034771447,-0.6945642445957291,86.65547147699554,-0.21171626171298005,433.2893476040254
train_trace_022.pkl,1,[1],0,4,-1.0,0.08836663576551085,0.14949396216486693,1.109619140625,-0.784912109375,0.17365801749491766,0.04106702257500856,-1.0612394092256483,0.30163462852390177,-0.345458984375,-2.0,1.1032735530313211,0.033998612659917285,0.09023203237500878,0.12968138152500044,0.88330078125,-0.43212890625,0.15798443081758834,0.031109784259836504,1.0864376055740892,0.3032854256864606,2.185244855560682,0.37651566336828235,1.127975496293859,0.03403373519365687,495431313.1886484,74776540.74684678,1.7380240441394794,57.593607539870916,1.5537467489218437,67.80274586622035,1.8054521897764277,86.71200365811545,0.8942502775564727,425.1532866078195
train_trace_036.pkl,1,"[1, 0, 1, 2, 0, 1]",2,3,,-0.04751335979141414,0.7682562819963861,1.99993896484375,-2.0,0.7697241286237421,0.08706734082210432,-1.1448779116274828,0.5210887764014237,1.99993896484375,-2.0,1.2578866981664283,0.0591878585601966,0.0409631997695258,0.39252203045947404,1.99951171875,-2.0,0.39465368125913425,0.09668983038182768,1.377744551830597,0.6575147584975651,3.4641016151377544,0.028138729559031073,1.5265993933383455,0.03892998580288426,2089253114.7979097,325279662.4969003,1.8807963738320144,53.576545709724684,13.393795832310676,67.55602849986639,5.5027770692053055,199.7301022920699,-1.9110271451830483,432.6398703598031
train_trace_208.pkl,1,"[1, 0, 1, 2, 1, 0, 2, 1]",2,1,,-1.050088274400134,0.7014060904087092,1.999939,-2.0,1.262796851316585,0.051717053661921676,-0.10143739921492953,0.9037715771414938,1.999939,-2.0,0.9094463203555843,0.04396497411408066,-0.3408058939851575,0.4390015069521354,1.9951172,-2.0,0.5557616219938799,0.09459545832230024,1.4953512392434318,0.703238330210886,3.4641016151377544,0.0653111554521068,1.6524586160581034,0.033291027127713,1787668790.6981556,198357670.9990249,0.0054866170786395455,91.19869738117227,5.906454329058026,57.197714948808255,3.344257184237445,185.8479520865728,-13.891099702852983,495.12029962421246
train_trace_220.pkl,1,[1],2,4,-1.0,-0.09454890055219185,0.7552289432991781,1.99993896484375,-2.0,0.761124333727691,0.06370411701406879,-1.1747808292224964,0.503250865449106,1.99993896484375,-2.0,1.2780342054436455,0.06214180383404408,-0.019020644913916532,0.3729939969094546,1.997314453125,-2.0,0.37347865623544213,0.11706189470328006,1.3984953477488693,0.6295861741371016,3.4641016151377544,0.02906504137966453,1.5336779284907973,0.03633175242118688,2449567231.277017,344725432.73889244,1.9116495799314441,50.118336159779254,10.604843803243268,65.00166439330042,3.734257677017677,204.25791021369588,1.0071672844105328,427.0373671960787
train_trace_234.pkl,0,"[0, 1, 3]",0,2,290.0,0.37539247041193086,0.3087346913485493,1.999939,-2.0,0.48604178470997356,0.03835550181378476,-0.5521530561086018,0.4473924661427061,1.999939,-2.0,0.7106567498668547,0.06870133010882709,0.41692134249764473,0.5050532705685565,1.9985352,-2.0,0.6549062619505435,0.012091898428053204,1.061046217818164,0.21060096916011734,3.4641016151377544,0.1299628675595665,1.0817448148974005,0.10799516324062877,99093173.561287,27895890.081098147,1.765057612735048,36.47558489746481,-1.1908549382571292,52.5276376651128,-4.046665666244554,54.49572785156556,-1.177652128392499,455.2220555907561
train_trace_368.pkl,1,[1],0,4,,-0.2753752679532435,0.2577262190506611,1.0905762,-2.0,0.37716619968718035,0.021413536648112633,1.0066536594297928,0.5678328656827676,1.999939,-2.0,1.155761979558463,0.031956592918284295,0.03198640043661616,0.18609837612371527,1.3427734,-0.69555664,0.18882726341494058,0.028270732962252677,1.1732448398604556,0.3703948929574441,2.8273196853578977,0.025550923132895125,1.2303234659991422,0.03616633144674681,537972565.2581882,184747372.94829834,1.9976380121960289,66.12689522132506,-2.7440912890721725,89.4594516060104,-2.27028887220621,120.43395967444306,5.011858295055286,479.25095745989387
train_trace_354.pkl,1,"[1, 3]",1,4,255.0,-0.8053902903814766,0.2546482293427248,1.999939,-2.0,0.8446888424432655,0.05025465934903145,0.36461686592527215,0.17520353234362218,1.1098633,-0.9777832,0.4045265586619135,0.05000070542755965,0.40881302533251973,0.17555934062868184,1.9545898,-0.99121094,0.4449147915764377,0.053048152485221295,1.0031121062293933,0.26240474711889195,2.8202196996438933,0.0718159473908971,1.0368655404508818,0.05505156675460997,95692044.71452053,61786973.01273072,2.0602670334836453,24.00803548261996,1.0579942292613713,18.965599057096682,-1.7119805909459649,32.85875059764636,-1.3228171026926496,504.9089063381772
train_trace_340.pkl,0,"[0, 1]",0,3,-1.0,0.21983954584333731,0.5857450986340073,1.999939,-1.7463379,0.6256410684173216,0.011042405680797587,0.5949969249973314,0.6046478068184149,1.999939,-1.1442871,0.8483043740583913,0.007094535656826067,0.844847694337269,0.4504072966278953,1.9995117,-2.0,0.9574102357310833,0.015810864073090517,1.3778768405143713,0.35935613170467695,2.8256358943074176,0.18127486565147882,1.4239667892965815,0.016424690017897873,942437581.5128837,109248328.43830562,0.006459939992680774,64.57966603927817,4.707806411837285,110.22036724610062,-0.828095529909936,161.97377367038862,-0.9072229965111904,481.9042817318848
train_trace_383.pkl,1,"[1, 2]",0,1,960.0,0.5601114013758614,0.47844999102170727,1.99993896484375,-2.0,0.7366404658039789,0.021692145232761258,-0.8259743552401453,0.5511547932073148,1.99993896484375,-2.0,0.9929779663163587,0.022580358640836105,0.07211010124414957,0.27028284647769074,1.997314453125,-2.0,0.2797368116668316,0.02451469006286577,1.17321118527856,0.48007563569553846,3.242997558923441,0.05828112809319313,1.267634450956268,0.018691957721041777,376023165.0690496,52746567.56258626,0.0019747898139795233,48.20435715919966,-3.442448649608974,71.62104241499823,-7.4223401364643165,107.12300345500151,-5.28153555475666,433.13576981039563
train_trace_156.pkl,1,[1],0,1,-1.0,-0.24348444782935127,0.20914584696775332,0.2333984375,-1.937744140625,0.32097766532676847,0.039773781574977206,0.9238938065333506,0.43769172292312514,1.99993896484375,-0.5029296875,1.0223276432074495,0.03202878556849077,0.08053334192936076,0.15133031701265817,0.8193359375,-1.219482421875,0.17142486403513044,0.04400125856185105,1.025303411095509,0.35541506849048665,2.049663319831116,0.32416653499911136,1.0851575718365438,0.033553581657267795,725203910.6060348,227317555.09398687,1.7200900378124329,19.051082261617534,1.4328925212891128,46.495159697573975,-0.6847305268306986,41.902422923173674,-0.03624836429405385,434.4310582252497
train_trace_142.pkl,1,[1],0,1,,0.6970945520709063,0.3982197828495783,1.685791015625,-1.00439453125,0.8028199112999769,0.019519989635403735,-0.7282314040249422,0.22366084658794352,-0.081298828125,-1.6728515625,0.7618038803422927,0.019498396726515013,-0.23574947450090555,0.16141437884809173,0.3076171875,-0.844970703125,0.28571387160298745,0.02590069421202077,1.1062674626059668,0.28752335503398907,1.9769428023012474,0.2706136668521461,1.143021162757123,0.024529544497586993,292904113.38375694,39816831.16048952,1.8100094711409318,74.35926422301493,-0.268184617715171,47.976121993143025,0.368039046653422,100.44354894713548,0.6998037093454619,438.3887043359668
train_trace_195.pkl,1,[1],2,4,,0.15630300465444877,0.7174849020695396,1.99993896484375,-2.0,0.7343127494206713,0.07387180442835302,-1.1062769129050827,0.566086416206251,1.99993896484375,-2.0,1.242699657455508,0.05963292284990606,-0.2898916012616696,0.3875955871997091,1.99951171875,-2.0,0.4840118590476292,0.10280594199481255,1.3635602593974263,0.6771178267425455,3.4641016151377544,0.028120718736104656,1.5224273816180935,0.04227548280609412,3111416433.3641357,408383631.77954715,1.9570929910846264,32.90749276713771,-7.357732214108862,68.55421430329915,4.4916978612990075,189.55517739921547,1.696194554384976,426.42365017721846
train_trace_181.pkl,1,[1],1,4,-1.0,-0.781974305896026,0.35305127337629116,0.822265625,-2.0,0.857979613227606,0.05983459248596762,-0.20204633014603057,0.38916143367837935,1.99993896484375,-2.0,0.43848528024107086,0.08936434795199605,-0.5928193079609739,0.2903585698313993,0.846923828125,-1.99993896484375,0.660108196408637,0.07777219416218795,1.0795940025573367,0.4456657697315056,3.4132562733987353,0.13266588982557526,1.167964549405566,0.05233078095854591,842409809.8663915,331281274.5063484,1.7638066749592758,58.40949969471288,-0.1973657459873502,33.97858767838067,1.7974933573321772,57.185322364215466,-0.6170268928234633,428.28926402670044
train_trace_180.pkl,1,"[1, 3]",2,2,-1.0,-0.15515583541042122,0.6437357538190152,1.99993896484375,-2.0,0.6621699585505533,0.07716532889743051,-1.0607236423541717,0.5222323887094374,1.99993896484375,-2.0,1.1823118511062407,0.056137857523538816,0.10219456280848777,0.30606093738647855,1.994140625,-2.0,0.32267170012492247,0.09598023223889275,1.265699181236076,0.5817671148775448,3.4641016151377544,0.018054855365707344,1.392999423307352,0.05009770829632262,435673408.49021554,41717935.579036266,0.003231184775100354,28.768089945079634,-1.0674971942753755,57.789339290945236,0.27350911182334564,136.98064891144634,-0.4968763937937813,422.54176557856573
train_trace_194.pkl,1,[1],1,4,,-0.9456216561434813,0.40997737585861044,0.647216796875,-2.0,1.0306705415812818,0.0403083998376843,0.11109531123544245,0.28702984753682487,1.99993896484375,-1.9169921875,0.307779631482515,0.07531448667658595,-0.3576610858539124,0.3286286088008193,1.277587890625,-1.99993896484375,0.4857141287388721,0.0518688849812886,1.0936025803468619,0.4438036479730793,3.2706399135160287,0.026514840846698147,1.1802238269478917,0.04194959195635511,867004791.7594197,280821437.4465092,1.9598244466735675,62.67475337086989,-0.19801490287246892,103.17842593617989,-1.257566331767912,39.71763079096103,0.18364374229289154,426.854720550598
train_trace_143.pkl,1,[1],1,0,,-0.8599424676967243,0.4776771759212811,1.749755859375,-2.0,0.983705510884463,0.04795602014590801,0.17463398489722592,0.28120339941366057,1.54931640625,-2.0,0.3310171906757763,0.06824022958037042,-0.47600472696632473,0.2578332379569543,1.548095703125,-2.0,0.5413487588326519,0.05077967430013715,1.0675330981357756,0.4802920733695603,3.021365557296597,0.04240111909325162,1.1706012947869988,0.04743738979104959,621934313.8762914,163218742.51705885,1.8268648428757306,63.573560449401434,0.5753891902855351,33.77635381034252,-2.81179819559009,33.46131722687187,-0.42886960864748525,430.91527609128445
train_trace_157.pkl,1,[1],2,0,,0.04339363747020878,0.8842270939366969,1.99993896484375,-2.0,0.8852912297230963,0.08296732989437484,1.2739629285212977,0.5664237896616564,1.99993896484375,-2.0,1.3942085399039963,0.048833210513387376,0.03054534907311768,0.48313079649733565,1.99853515625,-2.0,0.4840954295117323,0.11842790469172193,1.568952013253907,0.7073160390847401,3.4640663768323336,0.11023510214216346,1.721019000197271,0.04963890935887988,1774925257.2522619,526079351.7853916,2.0555024982867045,72.43768418523187,-2.145597796416886,51.11867660677798,-1.8416119716280268,207.00592858533008,1.166254183609256,433.2211752342744
train_trace_382.pkl,1,[1],2,4,,-0.06680597537928556,0.7509319027654378,1.99993896484375,-2.0,0.7538977125162926,0.06800296141928762,-1.196045576811325,0.5297731387504683,1.99993896484375,-2.0,1.3081225479103469,0.053579752666648384,0.05113875151168676,0.4691730286679628,1.998046875,-2.0,0.4719518012844564,0.1054045901998958,1.4490827654258902,0.6343847436454114,3.4641016151377544,0.06082826262291176,1.5818612025156946,0.041203944902976956,1840650892.0470512,259268217.28984016,1.8452006368621154,107.30208060564459,7.815778865630112,56.22371372212719,6.120090144320028,180.49548438374956,3.46366924722141,425.17234551483097
train_trace_341.pkl,1,[1],2,0,,-0.19304772264536033,0.9499564603863881,1.99993896484375,-2.0,0.9693733542079622,0.08005220569042025,-1.2735912101228142,0.5674119575448023,1.99993896484375,-2.0,1.3942707413077702,0.05851213782302271,-0.2789545769759974,0.43783440292058157,1.998779296875,-2.0,0.5191479754334787,0.11566692769511877,1.6169903695303711,0.7338476443772421,3.4641016151377544,0.08385688508802518,1.775722450247221,0.04771600104411381,1652886040.213511,540857220.8218784,2.0356595368853303,32.2376911720563,-20.985213801329486,84.0488502412888,2.2555100173007037,229.7492621802766,2.5080044533232164,432.0644086658848
train_trace_355.pkl,1,[1],1,3,-1.0,-0.8735391520467097,0.467431829176848,1.32421875,-2.0,0.9907386966733956,0.04958583370581354,0.47091444657477244,0.3822091515703011,1.99993896484375,-0.95654296875,0.6065016500694071,0.07303782179912698,-0.018178975226599055,0.3162490577821592,1.919189453125,-2.0,0.31677111877251807,0.08631396753240578,1.104002184124645,0.4805523236437617,3.3003788448831903,0.03924669706211778,1.2040562106112012,0.04395583494213084,995825706.3114203,111249200.04596947,2.0923168211306256,63.65723084318218,-0.5033692425514821,64.63871144380863,-1.511173428229566,60.81960987924395,-0.4260053884235737,432.3369225701769
train_trace_369.pkl,0,"[0, 1]",0,1,-1.0,-0.3578313454311315,0.20471381235215183,0.57666015625,-1.774658203125,0.412251157355326,0.0280196623618735,1.0499070118307838,0.34420886792061006,1.99993896484375,-0.0283203125,1.104891161267314,0.018411555222715287,0.1547165062869712,0.15479030061961158,0.92431640625,-0.62890625,0.21885436820761914,0.030274301101825222,1.1441537109748663,0.3599236240279843,2.377385509975386,0.09822648455672015,1.1994301686513458,0.017869804571419467,845953607.5506636,133233801.67152369,1.767454025760294,70.73552919090741,6.876107550791831,95.11619594575086,-2.093016440280309,126.42160492696718,-3.9164081814184244,434.2794147794893
train_trace_235.pkl,1,[1],1,0,,0.24288239450208873,0.19780736343222094,1.6098633,-1.1274414,0.3132404995958776,0.0888626757102133,0.19989210079390923,0.3480725890989498,1.999939,-2.0,0.4013868199652907,0.08121319356943067,-0.9929884662698203,0.40800462907830554,0.32348633,-1.999939,1.0735426733456925,0.045485822542737905,1.1013563917131108,0.4458014802081942,3.134721230847689,0.12084665059357781,1.1881602843569297,0.04080319562478218,959874318.1082271,170484663.7036245,1.9169386029519109,60.0260821847773,0.5765942946720314,30.345683181481682,-3.8237672628214896,32.403958928877785,2.125331531193156,481.9234529743562
train_trace_221.pkl,1,"[1, 2, 1]",0,0,,0.8937709619232198,0.3801521262804209,1.99993896484375,-0.34716796875,0.9712580354842284,0.02132278745502543,0.06832565735619751,0.3286583700036111,1.931884765625,-1.9541015625,0.3356854474453533,0.018061175607220394,-0.14303400745130565,0.43125990323592556,1.6044921875,-1.90966796875,0.45436090437739035,0.018193678588537474,1.0662337506406456,0.3544239150236495,2.9200800830503724,0.2221580419313863,1.123597224340604,0.025929814190050044,499415055.23367923,46285176.20373738,2.795641106918186,58.4997946639766,0.4407056234898477,42.75400656767805,-2.3585047040666853,44.79028479021728,-1.4632309641778976,432.13535529073994
train_trace_209.pkl,1,"[1, 2]",2,0,,0.26754607071025505,0.8928659824048034,1.999939,-2.0,0.9320893532747768,0.08106007794018491,1.2523721521747726,0.6822849898152629,1.999939,-2.0,1.4261657739793383,0.07660308789412934,0.0340435226827049,0.6825970979182562,1.9992676,-2.0,0.6834455058913425,0.09400820543295658,1.670414129440745,0.761284291868726,3.464066397129391,0.05988814932569702,1.835711615935725,0.05782658880266962,1462266053.4395442,218116295.6482017,0.002288156672502294,120.46425858243619,-7.812529299581207,65.79290848252434,-5.717657673837894,212.43419206803546,0.22184795642196906,476.69131001728624
train_trace_037.pkl,1,[1],2,4,,-0.03368714258641541,0.8751524463255254,1.999939,-2.0,0.8758005639899925,0.08739615165363014,1.1592991313596765,0.6612371309273055,1.999939,-2.0,1.3346194286343487,0.05971571953236704,0.1556599970121555,0.447088862704314,1.9997559,-2.0,0.4734115395974851,0.12485164521947162,1.4955450032994462,0.731914801123454,3.464066397129391,0.029879062537382144,1.6650387782263587,0.04087583055314138,2375157584.81723,289571103.51504874,1.905335298455176,36.84163628648662,-6.786754827174052,70.60390205614557,-5.382487080263045,214.41667657687034,-1.0915668089134267,480.1439240659101
train_trace_023.pkl,1,"[1, 0]",0,2,,-0.1784378711807212,0.11422240398318005,0.3076171875,-0.82861328125,0.2118651255945736,0.03484295369935302,1.0190180342367836,0.2728390590098552,1.99993896484375,-0.476318359375,1.0549118002094686,0.025965952217443165,0.019818313249194894,0.13665085786728626,1.381103515625,-0.533447265625,0.13808049281454815,0.025965952217443165,1.053538084720657,0.25855263333299044,2.0353601110132615,0.30743034380210943,1.0848004241150973,0.024462355875230418,542675045.3161031,56901325.836645916,1.7911493369095377,39.681654747165254,0.3378232981963977,59.1139468500473,-0.2661268660902508,56.40186236784252,-0.4197069265598118,432.8598546715045
train_trace_009.pkl,2,"[2, 1, 0, 1]",1,2,,-0.7850586017723901,0.4004660415347615,1.99993896484375,-2.0,0.8813002091451819,0.05741762126997596,0.5950221484786071,0.4018549791378944,1.99993896484375,-1.874267578125,0.7180102934067276,0.06144400908432953,-0.03992001835490359,0.31615908766370004,1.998291015625,-2.0,0.3186693844375374,0.06799936775728535,1.1006725921058993,0.4269647077242291,3.4640663768323336,0.014870549153165099,1.1805841844845948,0.05959719483890289,649229863.9354506,373553941.05035,2.0294435732377343,69.30838564705576,0.855332507475324,91.21164451099956,-3.3613485739708073,103.53349613625063,1.5486920703414213,433.51186086048574
train_trace_035.pkl,1,[1],0,4,-1.0,-0.4530328236691662,0.4078833907865529,1.99993896484375,-2.0,0.6095962596679819,0.02405380659404602,0.725755208423861,0.564636671612653,1.99993896484375,-2.0,0.9195298763412622,0.019766735408127466,0.0018984861467910884,0.29262637336958114,1.97998046875,-2.0,0.2926325317545591,0.04264822912299017,1.0895686640098228,0.3400245848968911,3.4640663768323336,0.09723634087513726,1.1413923917419695,0.03490411849772811,614444421.4678396,81247110.00527792,1.9654074166574071,57.12108925352411,4.022107980859762,81.6863597373927,2.983511212360428,89.19063472556792,-0.1530198121253658,424.7896081645294
train_trace_021.pkl,3,[3],2,0,0.0,-0.1396091810877016,0.3127708469771004,1.99993896484375,-2.0,0.3425147094107805,0.12492910843864062,-0.994351891597075,0.4948568593879916,1.99993896484375,-2.0,1.1106840214957752,0.042694897261768,-0.037490717806667434,0.11853183829788742,1.80029296875,-2.0,0.12431955040111634,0.14925763811130338,1.0710778438554294,0.4681697606453445,3.4641016151377544,0.006108396485935939,1.168927145882375,0.04792996640830631,448161739.00165486,21915370.907567218,0.989839559265625,17.489924223667877,-0.059282463503305495,18.911429936246638,-0.24163151630527643,88.7591020639659,-1.3248730726495017,435.14713804347167
train_trace_237.pkl,1,[1],2,1,,-0.1142566812799332,0.8063980938678642,1.99993896484375,-2.0,0.8144522545925137,0.06748732534837977,-1.2105488895524479,0.5067898160547145,1.99993896484375,-2.0,1.3123507654790452,0.06735803928449398,-0.001995414706832128,0.3647012076429251,1.99609375,-2.0,0.364706666426678,0.10286553325883993,1.4462786131396375,0.6533652365830392,3.4641016151377544,0.03221731342180245,1.5870122744327861,0.04962737909444347,1866494179.384547,234725461.0143768,2.1118894076326793,46.464613627993906,6.087482821011374,49.380399808609496,3.394838906912657,179.1300624420184,0.3546372091234717,434.10514722789964
train_trace_223.pkl,0,"[0, 1, 3]",1,2,303.0,-0.4415354738792987,0.14282360283715315,0.318603515625,-1.279296875,0.46406050922396075,0.0343392193781487,-0.2772852194617886,0.19439447276796618,0.651123046875,-1.309814453125,0.33863889908678213,0.028120706325377845,-0.8802002976837928,0.1586134057103273,-0.053955078125,-1.77001953125,0.8943773121639806,0.03574372805455193,1.0463633681062277,0.18725100425623137,1.9736644321421055,0.10095355068649006,1.0629860002415723,0.04360083456312656,128681231.94741161,33496718.553403527,1.8472580128076892,23.74339191459188,1.1235038187076363,17.62434676788803,-2.455292375443755,20.69860569592931,-0.8797122996941663,424.7295157980607
train_trace_343.pkl,0,"[0, 1]",2,4,,-0.05701747641900834,0.8198484469398389,1.99993896484375,-2.0,0.8218287343278148,0.10705678406832692,-1.1444440193160785,0.5403868865427585,1.99993896484375,-2.0,1.2656105643110431,0.08757346412413851,0.01468487815562741,0.4769654366211438,1.99951171875,-2.0,0.4771914431102511,0.13160542894592195,1.4262247497049017,0.6861247741988395,3.4641016151377544,0.00808617927816367,1.5826826095083686,0.05652192296308824,2209160612.881494,258862373.93894917,1.884265100662586,99.67644728342083,7.413100267259828,91.80403881723618,4.487875978544429,180.87209743324138,3.35246147926856,423.5540190426263
train_trace_357.pkl,1,[1],2,2,-1.0,0.3088718915355841,0.7770588894174575,1.99993896484375,-2.0,0.8361951704018998,0.0832466363008489,1.1960951900762318,0.492781252471338,1.99993896484375,-2.0,1.293629416220394,0.0520007343748634,0.17743640707029065,0.353861568112731,1.994384765625,-2.0,0.39585564027965403,0.12285916613482772,1.463644712736776,0.6222099905442503,3.4640663768323336,0.020779221514602746,1.5904091038017214,0.040687864455382354,2080966304.163405,136875955.54764113,1.8241702784615073,38.605018906466036,-3.469289207912055,68.81509517008743,1.872974336522495,191.14256505284388,-1.2498277436604714,430.5773719499696
train_trace_380.pkl,3,[3],2,3,-1.0,0.43179139153827967,0.6362266964661757,1.999939,-2.0,0.7689136590689667,0.10097879782762112,-0.8354363212529619,0.48953970837659766,1.999939,-2.0,0.9682990100925056,0.08588260562732043,0.1889779488913482,0.36743632642143625,1.9975586,-2.0,0.41318533267924845,0.14528550826915407,1.202510604023898,0.5035092396374614,3.4641016151377544,0.03490869520753432,1.3036691709134702,0.09456598447424136,29853617.302265517,25623527.720548913,0.006081951508644661,36.20283584948167,1.459857674329007,56.28242490109711,-2.380555089993864,83.41534837172603,-0.015004094576521632,491.0098634550369
train_trace_394.pkl,0,"[0, 1]",1,3,-1.0,-0.4705047700804917,0.28046137401701954,1.556396484375,-2.0,0.5477529744182233,0.07167282491451128,0.3524247107628364,0.3354935418309869,1.99993896484375,-2.0,0.4865789693015606,0.10584536295412296,-0.8960140755885672,0.3583392490527398,1.126708984375,-1.99993896484375,0.9650120419272062,0.049128282805101016,1.1425184577463945,0.40335124782736986,3.4640663768323336,0.03690805537679786,1.2116272757804258,0.045563384052815584,958196700.0704441,169416452.88137823,1.9641617033234378,57.58548337905407,-0.6147351959489988,33.22433073575362,0.41944615843830085,34.62903523178883,1.0121956011656594,430.13332981135585
train_trace_169.pkl,0,"[0, 1, 2]",2,0,-1.0,0.36017702778650595,0.9180721839065605,1.999939,-2.0,0.9861967482242492,0.06140732959252521,1.0417388129214595,0.6743817563929966,1.999939,-2.0,1.2409715982659373,0.05895616080350509,-0.2593053333577266,0.42091098760047607,1.9956055,-2.0,0.49437365968523217,0.07782247388693878,1.5166199759685512,0.6759169311346771,3.4641016151377544,0.12999588329745634,1.6604215878208064,0.03874042378744011,1909022228.8647885,242587306.37357378,0.00341996088131396,66.8835761553233,0.6745913890311389,68.4789391082648,-4.999582740900597,192.00128739650384,-8.178277877182289,489.01286338020066
train_trace_141.pkl,0,"[0, 1]",1,4,,-0.986205407514599,0.28228836485001185,-0.025634765625,-2.0,1.025810814302876,0.08797679673535462,-0.07317234716944424,0.18174126478645952,0.848876953125,-1.501220703125,0.19591855378311587,0.04320259013186739,-0.023317185123409846,0.1938313597217352,1.477294921875,-0.84130859375,0.19522880713064883,0.04297325553944218,1.0216290917968058,0.2916508055625536,2.573750964253019,0.04530437001924402,1.0624435013641211,0.0264341843445415,619451730.6702194,234823671.08192104,1.8275366729954452,27.190192361689604,-0.2599053781181284,27.18650621885697,1.469208564815937,26.118072675939842,-0.10847597638860317,425.4988611222219
train_trace_155.pkl,1,[1],1,1,-1.0,0.8453270963375187,0.29966269810172175,1.99993896484375,-0.498779296875,0.8968699083122502,0.049845265429302045,0.4830099490866759,0.2596426373162272,1.99993896484375,-2.0,0.5483729661728769,0.05932131804673522,0.22510339118497263,0.2797588806195506,1.67822265625,-2.0,0.3590773844291489,0.041935756356404015,1.0601491398387097,0.33182662908962873,3.0429890035755895,0.07662010361427704,1.1108668284154235,0.03597674757915269,638241219.2991856,118266879.32724786,1.958680454945772,31.922701472448686,0.8156951368111389,33.52430935937598,-0.9119426578719049,44.94939387514817,-1.397879502450765,444.2661118561244
train_trace_182.pkl,1,[1],1,4,-1.0,-0.6594285313982682,0.4086560085989956,0.8642578125,-2.0,0.775787162426744,0.04078483399085291,0.3895739006764422,0.2378753811761761,1.99993896484375,-1.008056640625,0.45645648320291116,0.08818908633872151,-0.6043893867145769,0.2897534437587324,1.120361328125,-1.99993896484375,0.6702563606138082,0.04832594351150368,1.0739012362627647,0.3258496066296257,3.168196748743989,0.09068435829656978,1.1222485604300751,0.041692560136857175,809108890.866633,171407438.33002788,1.8623923861654377,32.25354242298825,-0.7582668644957616,18.852505676124377,-1.5111749977416107,37.49160468488613,1.8175858357088244,425.55024027216444
train_trace_196.pkl,1,[1],2,3,-1.0,-1.1383109776214875,0.5703332809934165,1.99993896484375,-2.0,1.2731975232391484,0.06389376317158553,-0.07478468412739428,0.8565326791790219,1.99993896484375,-2.0,0.8597912418032807,0.08509174918655815,0.2444249125151279,0.5264982332126992,1.99951171875,-2.0,0.5804687135704402,0.11602458402038675,1.474632261333382,0.7229637155022698,3.4641016151377544,0.06474009122109667,1.6423205655711832,0.04288976870916257,2513173526.5090256,275218082.36519134,1.8659741063401747,107.53778365906194,-6.029027175688044,57.619947651895565,-10.755625185525176,181.96467200778827,-1.0358722161493237,430.73732880030263
train_trace_197.pkl,1,[1],2,0,-1.0,-1.1760484617598004,0.5405454847589533,1.99993896484375,-2.0,1.2943258498156034,0.04316701984203429,-0.057297044052558595,0.7641351626300253,1.99993896484375,-2.0,0.7662802999064873,0.11875939125409363,-0.08330177087963708,0.44620123374655085,1.9951171875,-2.0,0.45391048239562354,0.13457907917549605,1.42629122310721,0.6589332109111111,3.4641016151377544,0.07684381922609765,1.5711459606141907,0.04473126565209016,2987607355.8026953,215090822.06215918,1.8046086702349082,69.1347102641345,0.6742737264142878,87.14140759108739,-14.252954251874083,188.3482492667451,6.852424155032939,380.7756701824123
train_trace_183.pkl,3,[3],1,1,,-0.6390405309492145,0.30460359417148974,1.7373047,-2.0,0.7079238304917017,0.05793366438284409,0.6656012488489816,0.26650710502521946,1.999939,-2.0,0.716973541700283,0.057786996878077396,-0.25571804448058355,0.19251850097983336,1.8259277,-2.0,0.32008606888225516,0.09455863557315565,1.0156540416814104,0.29344363749279456,3.464066397129391,0.04856619152108085,1.0571954884356944,0.07894902256584323,57823124.90905973,23194932.28129339,2.2026432390586885,52.61025623610766,2.9165342795515627,65.9036559939071,0.454217841843069,37.12861635715075,-2.7202372147665312,483.74738070583567
train_trace_154.pkl,1,"[1, 2, 1, 0, 1, 0, 2]",0,4,,-0.4507380646938429,0.5797064519070666,1.99993896484375,-2.0,0.7343189860997951,0.022221620010297823,0.9173954339157658,0.6056709019636247,1.99993896484375,-2.0,1.0992959672694733,0.021110539009782932,-0.21611894281428404,0.37761083100754095,1.970947265625,-2.0,0.43508313819012734,0.031182533445344753,1.2883106931709187,0.5265253004371152,3.4641016151377544,0.048394682633109844,1.3917518938873148,0.02502190545874999,939359646.9879154,296093086.4346848,0.0018087532426216504,53.01139804786027,1.7267771066311968,99.03934642209641,0.2674855908866493,141.10406671099298,-1.1604969031825578,424.11497018055655
train_trace_140.pkl,0,"[0, 1]",0,2,,-0.2935596178842194,0.18275094083644047,1.999939,-2.0,0.34579640777332127,0.027848644721307145,1.0486197397938208,0.26471972837253255,1.999939,-0.3642578,1.0815174031308457,0.033438188888613676,0.17148242383540455,0.16492282061633476,1.6401367,-2.0,0.2379196470334324,0.0366251372617013,1.12976501109418,0.26361302520114904,2.9669854319816693,0.28894999424686363,1.160112411513787,0.031423641212361395,367518087.50120485,101155366.25952657,1.822540995991292,52.22864690965346,-0.8012392466560603,73.5313249012293,-2.090851825567858,123.18213891641335,-0.7653794609260651,481.8140364169445
train_trace_168.pkl,0,"[0, 1]",0,4,,-0.1560757659595423,0.2069442469320655,0.8293457,-1.3752441,0.25920178637142444,0.02490349780531652,1.0665466089069882,0.29058345943390385,1.999939,-0.17919922,1.105423184064624,0.031190969402188296,0.25724365171013563,0.17581510079176293,1.362793,-0.5407715,0.3115850542172768,0.03079857277132402,1.137872517975933,0.30245224544116384,2.2086225545888207,0.02894688325170421,1.177383212016076,0.029767390927424874,398929374.66630876,100154773.73553008,0.00182677093290144,85.63524764581659,-1.1180211268234048,75.33684325205854,-1.960473401895861,96.82074720381932,-0.14272086883840707,478.082866711588
train_trace_395.pkl,0,"[0, 1]",0,0,-1.0,-0.28010190711887106,0.2539067607144203,1.2578125,-2.0,0.3780551831520348,0.035951761952199304,0.7816630619647699,0.4956281559418172,1.99993896484375,-1.5517578125,0.9255508691597809,0.014837492204647244,0.3009597384838516,0.3090338306589122,1.93310546875,-2.0,0.4313683723686631,0.04113516534246908,1.0310307693452927,0.35017760958374783,3.4640663768323336,0.08343967963525674,1.0888750183517546,0.025593054239457038,811580281.81282,98242050.39495863,1.816718964712103,28.3445177959131,0.13113299907759957,66.07355967827199,-0.8356730308003788,37.99393088211311,-1.8655203067531885,432.2755022753667
train_trace_381.pkl,0,"[0, 1]",0,1,-1.0,0.1063970665512679,0.10235125297579678,0.953125,-0.5185546875,0.14763507292114053,0.03166039808396888,-1.0840667436067202,0.25167446950689615,1.1875,-2.0,1.1128974540341334,0.02173263162285611,-0.03142516886166922,0.11476928469361146,0.719482421875,-0.581298828125,0.11899382314669808,0.03610286500879455,1.1010530141234258,0.24935646771012948,2.1481225910012327,0.38659943560674037,1.1289359538517472,0.021440638491646912,507172723.369889,85868364.29987122,1.6768950110777088,64.7375707553985,-3.1574414755001214,69.48753925784612,1.7431286736510618,98.07785131521275,-1.7704258240900261,434.1298212700082
train_trace_356.pkl,2,[2],0,0,,-0.5998100903332687,1.0949318154966812,1.99993896484375,-2.0,1.2484581791363547,0.03017343787122832,0.34062515486936185,0.8269046010364043,1.99993896484375,-2.0,0.8943135442030116,0.022808267997148968,0.15468339199833742,0.36818530895568524,1.96435546875,-1.99993896484375,0.399358702785985,0.05082759166864655,1.432591978244203,0.682357778411502,3.3915446573498285,0.2076783055288667,1.5867992670430369,0.04305060584461867,384907692.54798365,443149130.9893441,2.976510936534727,108.59409847238493,-0.6327435744334403,109.49836325880312,14.474107720074892,138.8915596004832,-3.9556641537588497,433.20676285731315
train_trace_342.pkl,2,"[2, 1, 2]",2,1,,0.021986260018391792,0.9783256783880646,1.99993896484375,-2.0,0.9785726997127311,0.0753655937447841,-1.2310632244915676,0.704898640803832,1.99993896484375,-2.0,1.4185904118182477,0.07480067276952508,-0.37506431385250294,0.46672739666812935,1.999755859375,-2.0,0.5987551271816035,0.0998882997162556,1.6643274906780567,0.7473452958474213,3.4641016151377544,0.04605206689990335,1.8244207265463706,0.06373335729967773,983694818.6227353,219440865.84235603,0.002571507092178031,41.63066782010887,-8.48811301620847,85.20617234825013,3.413614721306054,235.17706852671137,-62.530602405770644,433.99599703079804
train_trace_222.pkl,1,"[1, 2]",2,3,,0.1166508789483598,0.9612077831091199,1.99993896484375,-2.0,0.9682602077277439,0.07047198984809097,1.2461975326252341,0.6252181596906066,1.99993896484375,-2.0,1.3942403083859434,0.049133268446536156,0.15722497586265907,0.5441737478178256,1.998046875,-2.0,0.5664316029752507,0.1281678514667291,1.612253262217347,0.7764779756797612,3.4641016151377544,0.05656059135462398,1.7894911646180922,0.03590128993310089,1451814178.9642045,179121315.2146635,1.8812266714352064,57.73444548570507,-5.195748140984401,77.64917308993681,-4.561203178888521,219.3358384465158,-1.3875047671308467,428.46205848078404
train_trace_236.pkl,1,[1],1,3,,0.09256003375289953,0.2775683801639161,1.999939,-2.0,0.2925945411574833,0.08485707048437485,0.963308960721297,0.5066494903503475,1.999939,-2.0,1.0884198913462635,0.059160717133716734,-0.2515637241063999,0.2852677551503035,1.5722656,-1.999939,0.38034457984145686,0.1178992597874117,1.0762341761345826,0.5066077604301575,3.4620588802280645,0.022142894911374,1.1895089006847088,0.05799739189987898,1043052546.6285558,203204690.9348894,1.8077316356490565,51.46317082358651,-0.48625451487163196,32.23320697731509,1.5650338083712845,59.58465123561968,-1.9716308929077604,485.29179857024843
train_trace_020.pkl,1,[1],0,2,,0.26793159204048483,0.14700176439359847,0.9230957,-0.3720703,0.3056089932383859,0.03350891769583841,0.9483356776638568,0.3540410157336952,1.999939,-0.111328125,1.0122675527507108,0.02514378826623214,0.27135051597768955,0.1365368956312912,1.2619629,-0.15771484,0.3037654134196131,0.08320762783644034,1.0407995082325616,0.35650002125236846,2.186454547204227,0.27141344831134545,1.100161752421016,0.020876523590955657,888719934.2911551,77745325.2371801,1.8534098217440782,77.51718629945312,0.14794137810448668,43.11842154812833,1.847118828359076,15.632480848355495,-0.6110175833505661,478.90685549868624
train_trace_034.pkl,1,[1],2,1,,-1.1663797384338404,0.5158949493123844,1.8703613,-2.0,1.275378098037998,0.05011657997898998,0.27025092585674526,0.7345228503893632,1.999939,-2.0,0.7826617281243174,0.07835199467062953,0.030211224933514535,0.539118930441686,1.9990234,-2.0,0.5399647574356784,0.0837240684277503,1.4322917059197222,0.69227962706677,3.4641016151377544,0.04987046674566197,1.5908207356261532,0.03850128536899912,2752693558.958082,127045629.01582766,1.8713366921801882,71.37416230791968,3.978397325178652,120.05135292840498,-2.518896789131448,152.15629121424087,1.7471647023763832,479.29402049122774
train_trace_008.pkl,1,"[1, 2]",1,3,,0.28213279815266357,0.5460915536168512,1.99993896484375,-2.0,0.6146664955283621,0.06532266034193102,-0.006854624959338491,0.44965771445688235,1.99993896484375,-2.0,0.4497099576993157,0.08216666117644475,-0.9905886036865492,0.5559174155040865,1.994873046875,-2.0,1.135918110875256,0.05049906117205257,1.235429914934051,0.5865806224889222,3.4640663768323336,0.02349465077980289,1.3676124821722886,0.05648340305915165,910462167.3317956,239238784.4804609,2.033145732782693,113.91193484479054,2.9646708608427605,107.08730886844377,-1.2741370345200775,94.9752643985102,-0.561690380769302,437.87234220844596
train_trace_011.pkl,0,"[0, 1, 2]",2,3,-1.0,0.05218919470154785,0.8859290629592064,1.99993896484375,-2.0,0.8874649382591819,0.07987469129277457,1.2277761754954433,0.5847430404865922,1.99993896484375,-2.0,1.3599113061195285,0.06436485590459626,0.02713593580332776,0.4420900714855535,1.99658203125,-2.0,0.4429221041199278,0.1020535637066008,1.5313872179960821,0.6985599158464082,3.4640663768323336,0.023595910383939923,1.6831912450666797,0.04626043838828402,1518370942.429331,348198781.3737558,0.0019210635174219139,43.91726052111146,-7.446304898420383,76.84158346780725,-5.065354473916367,221.41139466417093,-0.8829729436801662,424.61720026870154
train_trace_005.pkl,1,[1],2,2,-1.0,-0.03108502082468982,0.8617488456301177,1.99993896484375,-2.0,0.8623093131031995,0.06808191166737462,-1.1891020474434653,0.5479613787563844,1.99993896484375,-2.0,1.3092842899243995,0.04893757840977566,0.10507949713340242,0.4189568421703552,1.99853515625,-2.0,0.43193348598964243,0.10139186612796475,1.4753797964329247,0.6838301659798698,3.4641016151377544,0.0305273421879998,1.6261516656285524,0.03311238652191523,1978096253.8696709,144728514.24726096,1.9287375486414222,63.62099628040013,4.0319282069898845,65.76748729395176,2.5983924678816357,180.33981195677075,1.6310516834937323,426.51561632075897
train_trace_039.pkl,1,"[1, 2]",2,1,-1.0,0.17733109535561745,1.1346319302033092,1.99993896484375,-2.0,1.1484058230507672,0.0864566290920553,1.2767991689852405,0.7433372309191209,1.99993896484375,-2.0,1.477418815634858,0.07342809540248862,0.07056223991166846,0.6538153876776891,1.99658203125,-2.0,0.6576120367401123,0.0983444155922129,1.8196380100208156,0.7892866365027235,3.4641016151377544,0.022998513381016966,1.9834454572975522,0.0686249493418189,869011556.8821943,199006587.30568784,0.006001842631089669,83.64615372016314,-10.019459252627737,114.38058649950061,-1.5593674409629976,254.20385250196887,-10.067363064754021,429.78097470730745
train_trace_213.pkl,1,[1],1,0,-1.0,0.2130046874694697,0.2110828129918684,1.318115234375,-0.470947265625,0.29987822665963354,0.060893956630858614,-0.4986756931531259,0.31737778537341765,1.329345703125,-1.735595703125,0.5911058328170056,0.052513655982145184,-0.8791848119470963,0.2895678385724981,-0.06982421875,-1.99993896484375,0.9256432718353218,0.044185460829693185,1.0758672018907405,0.37236848282930746,2.4038856218151547,0.21743076888825644,1.1384851879180562,0.040833340570207814,773368717.6742251,103689795.4562112,1.8558393263248234,24.620972754828895,0.6875827508915526,27.957760066621773,0.5310811780468696,20.283011179344953,3.625019699463467,434.3608838740878
train_trace_207.pkl,0,"[0, 1, 2]",1,4,-1.0,-0.7797608970367207,0.596086190994709,1.999939,-2.0,0.9815018103101452,0.057083301668638925,-0.04308932211968202,0.30866226986950046,1.999939,-2.0,0.3116553970681818,0.09804475035554928,-0.5462933940168212,0.48619078957052786,1.994873,-2.0,0.7313124887554096,0.05768040733462887,1.1368642632911288,0.5503021835546064,3.4641016151377544,0.02464853228673831,1.2630490276998154,0.054477749671591885,769079691.1236305,201049942.57305923,2.092104724147497,61.158685753732385,-0.3710084663543078,65.57186194233508,-1.327647171779258,41.51647321609169,0.13822744858539598,474.29951961879067
train_trace_367.pkl,1,[1],0,0,,-0.28363111802398183,0.1571405554813722,1.99993896484375,-2.0,0.32425262572341357,0.033811752555348816,1.0041826422019082,0.30979372178236425,1.99993896484375,-1.446044921875,1.0508829282823917,0.027860884105607425,-0.13018902487832992,0.1553767546728665,1.26806640625,-2.0,0.20270944253152723,0.04550856974237494,1.076931890443791,0.30133621700769325,2.9026381502461436,0.061643936590434247,1.1182959413032605,0.02666415298486053,596726697.9430758,48389624.69196372,1.7978671424461306,57.091395714767145,-1.0078205046106556,73.31132976903665,-0.34510865758677,79.90049932210377,2.6720814939405098,433.6766312972625
train_trace_373.pkl,1,[1],0,0,-1.0,-0.1302251582231082,0.225860707171974,1.092041,-1.5830078,0.2607137335823676,0.034403466006099066,0.9912532636845689,0.37091340918673027,1.999939,-0.21484375,1.0583760153555222,0.01924462384162168,-0.015030340925130075,0.21989373497142736,1.2895508,-1.0581055,0.2204068189235759,0.041094673680262914,1.0454148922032789,0.37923384572834096,2.099251821358852,0.2762677474459689,1.112074910510214,0.019333445182429167,693429937.1857516,25975413.082375955,1.7815101929602517,20.052177106286667,0.4789669253120262,50.553353853393816,0.11449588713154309,19.521184058096406,-0.3808420739576524,481.50406965613837
train_trace_165.pkl,1,[1],1,0,-1.0,0.9771938552237925,0.4252172932375217,1.99993896484375,-2.0,1.0657005100662114,0.06131017010495838,-0.14263404362174997,0.24440894734413843,1.99993896484375,-2.0,0.28298445883433443,0.05704749266095629,0.08724248285015,0.3003207432218366,0.795166015625,-2.0,0.3127359902908123,0.04388144931033096,1.0687773851124414,0.4139039523760697,3.4641016151377544,0.01291178498259507,1.1461245921453387,0.06047372019141835,541974573.8213806,539450273.4928313,1.6974981377717704,38.477866892590924,0.305246960133479,71.30970265547471,0.8449661211684594,23.87394402992921,-0.7078078489263091,431.30822097065425
train_trace_171.pkl,1,"[1, 0, 2, 1]",1,0,,0.27043924260927227,0.31363077725362787,1.99993896484375,-2.0,0.414127575010155,0.04805333827830646,0.7803359506906726,0.3258198108639459,1.99993896484375,-1.28759765625,0.845625653047336,0.04826406156491542,-0.5826340333883294,0.27698520142790145,0.553466796875,-1.99993896484375,0.6451226384745835,0.04023971881084635,1.077887068614299,0.3754025565469777,3.4639958991460817,0.02448962914643626,1.1413884580404399,0.04135233776414164,579474257.2842894,268401423.3427188,1.8842262706087847,44.48399415783354,0.44912182633650116,41.17061818609679,-1.8361343054536703,31.928891275935445,-0.6222222676087454,431.97576649577775
train_trace_159.pkl,0,"[0, 1]",1,0,-1.0,0.8059963896594702,0.3746825014644578,1.99993896484375,-1.1064453125,0.8888290932725841,0.04599124361682326,-0.14804361262624627,0.330333391563249,1.631591796875,-2.0,0.36199041537188364,0.07173436273438702,-0.6104240042086202,0.3336612451604782,0.48681640625,-1.99993896484375,0.6956632025888148,0.037162025459871975,1.0873499641640596,0.471880879817584,3.096467722745363,0.00882290576151985,1.1853275957746867,0.03317228709930645,1388730120.3098311,189683411.81009412,1.9143095260076215,62.71650109727655,-0.9955791832482924,77.6816735024572,-1.0091853731425333,70.62010839349378,1.732094090605097,435.10573484196624
train_trace_158.pkl,1,[1],0,0,-1.0,0.22059326308357907,0.28179204208069497,1.99993896484375,-1.41162109375,0.35786609604413394,0.04187203592758579,1.088250688519873,0.42339847412094167,1.99993896484375,-1.380859375,1.1677139328413957,0.03721337594454331,-0.10243069734613172,0.1716791845825522,1.14892578125,-1.531982421875,0.19991445715041442,0.04995946965814753,1.1978798938511808,0.3109236590139416,2.4262397443386576,0.16440401408638808,1.2375741439718,0.0413689006494172,408427926.71264505,60404187.26506765,1.9540435268611516,81.83574033112666,3.332521919700882,78.12554045847307,0.7617581651263388,144.22917540141773,-0.3442438713624211,433.18744577530583
train_trace_170.pkl,1,[1],2,4,,0.13001083168099106,0.8192354942199684,1.99993896484375,-2.0,0.8294875594873132,0.07965392549042533,1.1446924709114144,0.5500209998684246,1.99993896484375,-1.798095703125,1.2699779341616693,0.05214501056429186,0.1937815407773889,0.42024384801179887,1.99951171875,-2.0,0.46277011283986647,0.12601154138446508,1.4349269721524627,0.6753031367681841,3.4640663768323336,0.02928263000037342,1.5858908354422074,0.041021187042248816,2654871805.5473423,199267076.820597,1.7923871121757409,47.828481593489116,-7.5764614015515,88.36018160211596,-0.37849987974019056,177.42907112696582,1.078795392777052,426.5805527726909
train_trace_164.pkl,1,"[1, 2]",2,3,-1.0,0.21826319082067647,1.1113509158022845,1.99993896484375,-2.0,1.1325809809995044,0.1363986596663501,1.4337060998339173,0.6934901921111791,1.99993896484375,-2.0,1.5926210557616594,0.1059723690576451,-0.1481215406995301,0.7261695283036016,1.99853515625,-2.0,0.741122240022439,0.12374791692798394,2.0010520569486734,0.6035183061138594,3.4641016151377544,0.18004953153253198,2.090082218582097,0.09651119035246475,229903008.26575422,126799167.22096643,0.003588164642202161,129.5771443333393,-19.525856053063627,102.46205500447917,-3.694961650655904,304.7382750629154,-18.96146185901187,435.34539225751
train_trace_372.pkl,1,[1],2,2,-1.0,0.028428397995625156,0.8330555201375289,1.999939,-2.0,0.8335404449960461,0.0753471578591059,-1.226501742297446,0.5158819342622294,1.9782715,-2.0,1.3305790821882066,0.04251323753415163,0.11382754065765627,0.3627320392835521,1.9987793,-2.0,0.38017264674746754,0.1305378025290339,1.4728138730987927,0.6637626864653691,3.4641016151377544,0.03500673501745102,1.615475660211565,0.04528566477808493,2338180988.072238,528745851.7576842,1.9984914653336034,42.82037801108442,7.348891305211129,52.746587506044776,6.799900540962341,206.57668298755502,-1.4787034464084783,481.17652555171424
train_trace_366.pkl,3,[3],2,0,,0.14926222835386993,0.31123961216340246,1.999939,-2.0,0.34518011094613776,0.063983933632388,-0.7563033507432856,0.5196150595321157,1.213623,-2.0,0.9176026201129145,0.02841644925768126,-0.6680506548979916,0.363381491283477,1.7736816,-2.0,0.7604852304397761,0.058559657651232194,1.137608220000841,0.4953071783594814,3.464031178762974,0.010855339254299143,1.2407585031535802,0.043938512359466206,285442377.27810824,18405472.31304196,1.0786431917533517,50.65115562785348,1.756182374405931,37.823925935233035,-1.8729822777714715,58.16314315282062,-2.002811432340503,470.7722122788071
train_trace_206.pkl,1,[1],1,4,-1.0,0.845254647710745,0.3783698008219828,1.99993896484375,-0.99072265625,0.9260772784442358,0.059955374943794486,0.3581139797657562,0.31106919978901404,1.99993896484375,-1.788330078125,0.47435184152804344,0.07109467129319341,-0.3218127370155762,0.3960229593008166,1.465087890625,-1.99993896484375,0.5102917028512542,0.03821974870833369,1.0772411247840623,0.42729144185734613,3.132301317400327,0.03504842541650089,1.1588901661549127,0.05328706806593649,819546837.1760646,120911536.82702681,1.9895518975614888,56.666166931130114,0.34002586541836693,36.074121447643705,-1.1897715587571953,47.63030619760749,-1.3411611104183059,426.08110157775235
train_trace_212.pkl,1,"[1, 3]",2,4,245.0,-0.2576069203074094,0.5951724437795457,1.999939,-2.0,0.648530310182018,0.07083855789242363,-0.9481191371791579,0.42400808088500574,1.999939,-2.0,1.0386109718952214,0.07347561369717809,-0.07635790135315666,0.34458483023635234,1.9980469,-2.0,0.3529436701912561,0.09392572292816609,1.1840460724243997,0.4710715942087237,3.4641016151377544,0.05057071230760291,1.2743129711707384,0.07130392068149795,296742939.39090896,93003612.61436887,0.002586458825474118,48.50468406635444,3.033580209634501,44.44179244353365,-0.6433285756917139,104.47191744209061,-0.9106234601366985,510.3619379085
train_trace_038.pkl,1,[1],0,1,-1.0,0.2321441535672422,0.30577385964877857,1.4145508,-1.8696289,0.38391217912429176,0.015407151638808235,1.2773068567009662,0.34952982271411914,1.999939,-1.2016602,1.32426730803938,0.02064750146049683,0.0015556179053246141,0.3149293490969497,1.6550293,-2.0,0.31493319112106266,0.016767375552590964,1.375914407653745,0.3272841610930294,2.8991571476846456,0.272389286878711,1.4143038497054035,0.021903092765527044,574062765.6342609,66244229.66671894,1.9730960059991647,94.87727979929016,0.4337334147903006,90.42823520539008,-0.6675734904343696,182.7621898103594,-2.5873158994506227,484.22117398411956
train_trace_004.pkl,1,[1],1,4,1023.0,-0.8503402854888378,0.3291820307987178,0.07470703125,-2.0,0.9118329948658395,0.02703364836469513,-0.3310105352403171,0.2735812886354479,1.0146484375,-1.328857421875,0.42943532217496205,0.05680929452448481,0.3629522854146349,0.2422303966595587,1.7783203125,-0.48095703125,0.43635985900808266,0.048573878466365766,1.029582300727097,0.3823928857086269,2.689422374541235,0.09143058257360354,1.098300520354549,0.025384680618504244,706709715.1698567,91719754.69981289,1.9625512651518902,27.311758979527504,1.3150585087719104,24.688413141659726,-2.1786456120314326,35.65172573447244,-1.52634373801013,425.93177444519654
train_trace_010.pkl,0,"[0, 1]",2,1,,0.04211036423959154,0.875788104854082,1.999939,-2.0,0.8767999129677737,0.10581731137821468,-1.1744405963318716,0.5124344664945718,1.999939,-2.0,1.281366378817526,0.08879726725217436,-0.536020229374072,0.4374007985258131,1.9919434,-2.0,0.6918360679013863,0.13820480275319233,1.5604730042643815,0.6739725750767476,3.4641016151377544,0.14614870533064678,1.6997985260005042,0.053990510345767566,2200702055.320591,232015697.62426767,1.943700849822729,53.21254431858269,8.01290250329854,95.37375962713433,-2.0210212274411887,220.37976831967114,-5.315776735263927,486.4724345618606
train_trace_006.pkl,3,[3],0,4,-1.0,0.3372690976894805,0.6345944928000317,1.999939,-2.0,0.7186519425621876,0.14574702911916784,-0.5801806290651398,0.5169186117453095,1.999939,-2.0,0.7770549617054892,0.1178071422091863,0.4529310131840974,0.6218466071264288,1.9985352,-2.0,0.7693111889857213,0.15506032475582837,1.2184998562878402,0.47683627565933184,3.4641016151377544,0.02107825927293454,1.308478021809365,0.15590698799552477,26129822.21984911,25064253.013259016,0.018131819015037947,36.729253004232255,1.38484953051914,54.94415966999326,1.1900231302939948,34.57944604333792,-3.3745315832476717,493.38699968298334
train_trace_012.pkl,0,"[0, 1, 2, 3]",0,3,-1.0,-0.46893733779935803,0.3678775810328498,1.999939,-2.0,0.5960168969156245,0.02026694736115545,0.735805636368182,0.4703344810010872,1.999939,-2.0,0.8732837216676761,0.030956920873489037,0.11682195100743556,0.3315938116628128,1.9912109,-2.0,0.3515705109508712,0.02076736581451731,1.0830213942621278,0.26177678216268735,3.4641016151377544,0.09931003265546262,1.1142093268811448,0.04545180021224645,281845530.9169382,70640987.3918649,1.9730164424858523,38.28593636035478,-0.2873717971455515,57.71392017841288,-1.1664366322546935,101.03643890282058,-0.16298733344587754,479.4470014069524
train_trace_204.pkl,1,[1],0,1,,-0.3406638929578993,0.2438401468310977,1.277587890625,-2.0,0.4189390232144081,0.026045964427813952,1.055231412501117,0.3851103233781548,1.99993896484375,-1.3974609375,1.1233090826222005,0.03287608558893455,0.10839584500181909,0.20513033458273033,1.61669921875,-1.99993896484375,0.23200886487305022,0.04019640683338916,1.2024179229283645,0.21296115202940394,2.59747971314892,0.15340620417078438,1.2211311615273164,0.036144086144494644,213878043.65148908,73414873.81936848,0.8637468102826488,36.111482903941,2.121400272144991,77.23108865375222,2.68227982365228,148.50338518670435,-1.44767524370181,432.6959371053408
train_trace_210.pkl,0,"[0, 1]",0,4,1077.0,-0.3727029246132642,0.21268769483674696,0.06689453125,-1.38427734375,0.4291194770110648,0.013581312860243156,0.7660746647396218,0.5058305555719491,1.99993896484375,-0.576171875,0.9180059601691869,0.01614822766200733,0.07270597067395575,0.28276271599423874,0.707763671875,-1.182861328125,0.2919604626110882,0.014748092315590508,1.0248593318937553,0.24856132043173357,2.156667144652413,0.3628380646024066,1.0545707089543503,0.023133347334686798,465050650.01791424,30314690.643724624,1.8922535790912138,21.71058848258978,0.10505657279127936,38.01710294917472,-1.8284090869383702,61.77322063813482,-1.3633001644417004,428.46891049749814
train_trace_238.pkl,1,[1],0,0,-1.0,-0.05486880280250727,0.1810316083279365,0.7158203125,-1.46484375,0.18916402600595028,0.038671417536690504,0.9979838992907756,0.40678049399709626,1.99993896484375,-0.65283203125,1.0777022935579856,0.0328574157592671,-0.11415250759188122,0.14695593749659475,0.34814453125,-1.484619140625,0.18608289162364594,0.04887083779765613,1.0449366018948485,0.37411175182074546,2.103465938601147,0.3170012542687762,1.1098883298917688,0.03368798744175616,774744209.5991502,224591332.00236934,1.7625755849585354,30.05387993044928,1.384567945106481,54.902922109293456,-1.0466040170865993,41.16440340546844,0.518004965544539,432.74433320547445
train_trace_370.pkl,1,[1],2,4,-1.0,0.20760894715931144,0.8092771857755909,1.99993896484375,-2.0,0.8354825182835713,0.07523619130734806,1.2080703898865133,0.5933059068689048,1.99993896484375,-2.0,1.3458996864722443,0.06031884558010209,0.10461400387097071,0.3882975379120233,1.9970703125,-2.0,0.4021430936301837,0.10942431222917914,1.477427958134757,0.6988581405977614,3.4640663768323336,0.024659411712336838,1.6343794149945718,0.04787757628649422,1661611442.758486,424763394.2375165,2.067064707659524,76.20517999858069,-13.410400388147522,86.44632573943058,-4.481612290823532,204.04469969118819,4.157979450823522,424.9198645435817
train_trace_364.pkl,1,[1],1,3,,1.0034955679647315,0.46822988858484277,1.999939,-0.24658203,1.1073583807824066,0.031501308129712406,0.0824869961363061,0.21127955484650687,1.0554199,-0.7685547,0.2268108348993255,0.07011768340364731,-0.11379614808310366,0.2594049109928183,1.5031738,-1.0554199,0.2832674904851308,0.0910187965206646,1.0669671503778113,0.4685160717597205,2.505737623053525,0.017252988074462888,1.1653009094146054,0.0318585096009963,885072272.3626243,224542589.24366945,2.1056082617391247,33.51940399994572,0.9319436802406552,37.56777066681357,-0.8252395446244111,40.55717791468917,1.9881254675938083,488.26597944983814
train_trace_358.pkl,1,[1],1,4,,0.9773335274765154,0.38458130843448834,1.999939,-0.92944336,1.050277871197366,0.0507398579283978,-0.10354679942585339,0.2877194017867493,1.7148438,-2.0,0.3057848816339075,0.06610341491043825,0.2322520866487178,0.24377184517750788,1.9987793,-2.0,0.33669829856108624,0.05545984471243481,1.070246656893607,0.40561784751749014,3.464066397129391,0.02405125910518362,1.1445321073769248,0.04807306539541689,795889771.0943863,316123373.3099743,1.8703575356329392,47.37421386963743,0.7383213305538859,30.326873791574474,-0.8330236508212713,34.74138054499781,0.5141907045629798,476.39401349167747
train_trace_172.pkl,1,[1],0,0,-1.0,0.18080650461427616,0.13815685018270232,0.998291015625,-0.6787109375,0.22754847255747052,0.027094502054392487,-1.0371227498464108,0.2753258158133812,-0.065673828125,-2.0,1.0730460861968067,0.02443357464292702,0.09796443130030777,0.1496970783291533,0.870361328125,-0.85302734375,0.17890289282255156,0.026069262375269027,1.0755472303921672,0.2800189470759768,2.2945960150343363,0.3045774407780026,1.1114011226941425,0.02315006847974956,545218130.6638498,65762925.94050984,1.6754813376228395,75.3752846483752,-1.5347472653483318,78.57766885449145,-0.719781689795521,84.13628630277445,-2.645494106148467,447.6223532552906
train_trace_166.pkl,3,[3],1,0,,0.0732710438389932,0.4016420989204702,1.920166015625,-0.71923828125,0.40827076982132393,0.011108310877614718,-0.02859164822486139,0.1847163999439548,0.767822265625,-1.40966796875,0.18691610619866145,0.025725529728786615,-0.9065017250572186,0.32543325776385995,1.220703125,-1.99993896484375,0.963147020340359,0.020530019580094216,1.0577717490724414,0.10194980089095687,2.3565198915760215,0.39952932620638987,1.062673437626761,0.06967411744179283,5747826.018612502,6232139.36699144,0.0038742422206894437,25.087378897057746,1.1254123067737514,14.577501401088476,-0.7807809129246411,14.112277900410575,2.2984468019925632,425.8289407351107
train_trace_199.pkl,1,[1],2,1,-1.0,-0.0013568838505395324,0.8453083402205451,1.99993896484375,-2.0,0.8453094292507312,0.09528510666304679,-1.1933120560831219,0.6075918116812146,1.99993896484375,-2.0,1.33908979266343,0.04793049830935163,-0.316408572360781,0.43608784573844506,1.999267578125,-2.0,0.5387828819331452,0.10259068210051747,1.518488804997652,0.7015612923733561,3.4641016151377544,0.029715033361964054,1.6727212851696993,0.04297784469070596,2804426181.1348166,199320049.39807862,1.7878260190091433,35.51385641158019,-9.68093967475404,63.30863388972655,-2.2145748703326302,186.30198979791416,-1.5261449107091898,432.18268733192286
train_trace_198.pkl,1,[1],2,3,-1.0,0.028830602752122677,0.8727013540739678,1.999939,-2.0,0.8731774487797928,0.10068301470036349,-1.2291440997196181,0.5654261846567543,1.999939,-2.0,1.352960453291612,0.05378338676645615,0.15475718236227848,0.47366593516791455,1.9963379,-2.0,0.49830633513051636,0.11076203853618262,1.5286665504740065,0.710231389282211,3.4641016151377544,0.07785368609395144,1.685600797597058,0.0370564961453095,1725058349.051241,134379808.94751894,1.8806897756847933,40.618787313303706,4.280385158235642,69.85471091619836,-0.18750555862810933,204.25224842776123,-0.8928600313829774,484.81962415558087
train_trace_167.pkl,1,"[1, 2]",2,4,,-0.2585553441378635,0.8607137796171455,1.99993896484375,-2.0,0.8987096730341122,0.06810270032883814,1.1746725871814248,0.6147560292420948,1.99993896484375,-2.0,1.3258132080217822,0.07692884456774388,-0.27577626703126673,0.4577281501120051,1.99755859375,-2.0,0.5343852625799657,0.11958140082905773,1.5392563231344287,0.6940585850801267,3.4641016151377544,0.056129517269372826,1.6884985483656032,0.0467014428175109,1432284051.335065,254391893.74785194,1.969609274869218,41.18485120631907,6.804596509500355,92.9668384310861,-3.3052544156608157,217.54339275259917,-0.15850851652248354,422.9204739732141
train_trace_173.pkl,1,[1],2,2,,0.16073285838574466,0.6083564019708116,1.999939,-2.0,0.629231724870674,0.09999740266486584,1.185828146023479,0.4712690231242437,1.999939,-2.0,1.2760418817805161,0.08105417175311463,-0.15668585501620405,0.6587353685613697,1.9968262,-2.0,0.6771135377142022,0.0755131901335896,1.4377921406384087,0.644555622825485,3.4641016151377544,0.022762758538627116,1.5756580182887168,0.049418629819138894,2177295460.359015,216373408.9318512,1.806162779520555,162.33752112854154,-0.9620539362225116,53.36019455198156,-3.2125122409848235,99.52747587285008,1.4226001713544987,481.79636132880034
train_trace_359.pkl,3,[3],2,0,,-0.00829378824149024,0.7842254618740315,1.999939,-2.0,0.7842693172469091,0.06427135004692318,0.9590775820761376,0.8787253588160495,1.999939,-2.0,1.3007644155139721,0.022174554229789516,0.1268829205369557,0.34563556430542425,1.9753418,-2.0,0.3681891074389851,0.07395093176028958,1.4035460077294968,0.6875232720902227,3.4641016151377544,0.024868811784251918,1.5628914375218308,0.044241855476605446,203354365.81656846,61584475.31070426,1.4973192563837106,39.0239946911075,2.2537529274890606,43.44113672992871,-0.22466046558006214,147.52351552733035,-0.6218091539163721,481.86508234909144
train_trace_365.pkl,1,[1],2,0,,0.004142583031377503,0.817688975212109,1.99993896484375,-2.0,0.8176994687399528,0.06266635965922174,-1.1916045709728598,0.4879301550562467,1.99993896484375,-2.0,1.2876324358203417,0.04378540179599355,0.13852618009756704,0.3323393351836106,1.99609375,-2.0,0.3600540741093035,0.09873359428966152,1.4331111724479189,0.6343981515120349,3.4641016151377544,0.09542994533133917,1.567248750912546,0.03313838360580244,2082715348.5747037,76410408.86371969,1.72249717813626,41.45746168930066,4.36304411704021,60.304354624798854,2.3444881489801785,175.65617432329137,1.714148916328266,432.50983758168644
train_trace_371.pkl,1,[1],0,1,-1.0,-0.4044539605914883,0.4160579067477793,1.99993896484375,-2.0,0.5802475230498491,0.020131349429516446,0.8078583919076598,0.6704030825927354,1.99993896484375,-2.0,1.0497978255480778,0.019997902984434424,0.07605475500914606,0.232444698797908,1.964599609375,-2.0,0.2445707745392965,0.03721249440001525,1.1627127699184145,0.3829837345871974,3.4640311381684463,0.05487790340311287,1.2241640111887413,0.02937728169591368,612470013.9875147,125894370.45135625,1.9958632247301538,84.32954415971838,2.07133058260286,134.53854083092543,0.05113960348725301,144.40317220147608,-3.4043956533772053,439.567472905674
train_trace_239.pkl,1,"[1, 2]",0,3,,-0.3722542937511084,0.6468297029742032,1.99993896484375,-2.0,0.7462988167388667,0.02309593809879035,0.933338354545038,0.7480754864997986,1.99993896484375,-2.0,1.196134364344888,0.026504015095001974,0.0050449759681749865,0.30445094967203884,1.89306640625,-2.0,0.3044927462826098,0.03788377433557125,1.334942275207859,0.546209022109826,3.4640663768323336,0.014729592899412457,1.4423644386809138,0.03021925782906958,432501574.0685799,167775354.38247138,0.0029237885762375946,92.10094683191434,1.9033558330183256,111.52096378848411,3.005643764703859,170.45688608318724,-3.2844976438115694,430.3265158035583
train_trace_211.pkl,2,[2],1,4,,0.25238770371109254,0.34691416224614624,1.99993896484375,-1.02734375,0.42900931103124523,0.061723698790996144,0.19322385583551008,0.3031984752361323,1.99993896484375,-1.176513671875,0.35953410665673646,0.09509948232803533,-0.9383731144513677,0.8159650940814591,0.76416015625,-1.99993896484375,1.243520460903046,0.028662157021649603,1.141641873071398,0.7458624089840669,3.0091438827122645,0.01179984958358845,1.3636923771457716,0.029026015910556868,783454195.9702088,154042628.0333211,2.7277326509312543,45.04106229169344,-1.1901418883259822,32.26701481055727,1.6113068256847567,88.7834511649901,0.33459205354890925,424.99074536132974
train_trace_205.pkl,1,"[1, 2]",1,4,-1.0,0.08574270217843633,0.37114367321039204,1.99993896484375,-2.0,0.38091920027869736,0.060851352308486206,-0.43266570585453723,0.2898438992809293,1.99993896484375,-2.0,0.5207773986771876,0.06255122380629559,0.7878889899356515,0.5976838240585454,1.999755859375,-2.0,0.9889363043204893,0.042051583005332335,1.0686176733538406,0.5023542756987671,3.4640663768323336,0.015303158148647284,1.1808063135489275,0.03215590250022766,982314951.4327805,99751492.15109727,2.027084450521027,36.64741446256711,0.16898284437819672,74.79180692193124,-1.7230163717493765,65.25986617181952,-2.5126776958488426,426.70781909800814
train_trace_013.pkl,1,[1],1,2,-1.0,-0.2052732711485034,0.2145806984765264,0.4951171875,-1.245361328125,0.29695452851687737,0.05481874447391689,0.4454335048707718,0.2826451810050955,1.478515625,-0.897216796875,0.5275408094231792,0.05681421815556583,-0.9391622202958014,0.2919014278792118,-0.20361328125,-1.99993896484375,0.983479597972862,0.04550653395955515,1.0989193966938702,0.3550909416084664,2.3494624902946186,0.23539524543549922,1.1548651078123393,0.04643126566568515,747949935.0979384,152368484.44442046,1.8615984017886578,27.05524364703255,-0.44983957279509806,29.18824247686479,0.07137184712424208,20.174096293077497,3.4662556137688973,429.5811354494712
train_trace_007.pkl,1,[1],0,4,-1.0,0.09829393378953595,0.17514737414553294,1.851318359375,-0.53857421875,0.2008439695133936,0.048054042974146,-0.8856453867691586,0.38545624761551606,0.526123046875,-2.0,0.9658904026499728,0.03424028803907064,0.4042143931185555,0.1643986018563432,1.140380859375,-0.767578125,0.43636701971680053,0.04056787900933097,1.013765139339866,0.36875328903884824,2.2221119621526544,0.12469110469340082,1.0787486945149674,0.03485522293618045,644995475.9342963,158520461.9862814,1.8771191085711039,29.18605105698063,-1.3426056299844653,43.32235432498612,1.521320090082425,52.198570677948034,0.4173215166845557,426.0792534528049
train_trace_003.pkl,1,[1],0,2,,0.8025628950177472,0.2708694147725409,1.99993896484375,-1.774169921875,0.8470404006412483,0.032221563294547485,0.027325385866800667,0.23798077253114505,1.355224609375,-1.503173828125,0.23954441092893433,0.033053175463351125,0.6373633136014952,0.3023747822862672,1.9921875,-2.0,0.7054519845373924,0.03151264800310832,1.095046387186333,0.270914889815385,2.6308957715479826,0.0817546723223401,1.1280609325801163,0.03814509587397667,569653583.5612509,179784127.26985916,1.4554055185928139,50.97586481242245,0.7958566626333361,35.247765097908726,-0.60143472324321,58.30165855419586,-0.0331420806908064,425.90930588469297
train_trace_017.pkl,3,[3],0,0,0.0,-0.1441542515472343,0.2886529723781114,1.999939,-2.0,0.3226468451757463,0.12765625243961465,0.48644471971737496,0.40829017722441474,1.999939,-2.0,0.6350821475674304,0.11454088403828439,0.7413290195769192,0.42689818629695986,1.9956055,-2.0,0.8554593951383725,0.1413024809905226,1.0799721331551526,0.27000238739600185,3.464066397129391,0.08820912621562119,1.1132120631718072,0.16650272456165005,21984755.777704954,18287343.915337525,0.003124248181135737,51.620893092829675,1.642225985192699,47.803534986775496,-0.7690055196928869,34.62408984251507,-2.2099240269662905,470.032958984375
train_trace_229.pkl,1,"[1, 0, 1]",2,2,,0.08251868192952772,0.7928617215795918,1.99993896484375,-2.0,0.7971443046359552,0.07079136953405345,1.2469875015247642,0.5024674786734689,1.99993896484375,-2.0,1.3444148898622952,0.04403802080004383,0.1523459078535884,0.3878061014904073,1.997802734375,-2.0,0.41665675080685083,0.08698947214638555,1.4873685559834433,0.6357893245105936,3.4641016151377544,0.07645227711431724,1.617557815501477,0.04032177065166775,2018825890.8557737,127425070.85319565,1.8390913733599683,74.49397802571511,-6.963342676378672,55.223318160472246,-5.379022412965383,185.397810614883,0.8730129746297052,431.26895895626336
train_trace_201.pkl,0,"[0, 1]",1,1,-1.0,0.9998456180585571,0.30010231630357725,1.999939,0.119628906,1.043912189890352,0.036028736172706424,0.04150672873641538,0.20127149805902092,0.9250488,-0.8967285,0.20550675040329172,0.05374648213394297,0.08711198694909919,0.18054564822335767,1.4677734,-0.6628418,0.2004625385517515,0.056039877589113246,1.0374282408670403,0.30969914284208505,2.322997658066015,0.14854868939356028,1.0826684229373291,0.03324338207100121,584697554.8627113,282605634.13811064,1.7857788241959789,26.280488892828902,0.5456095603252401,18.575435951778356,-0.15217403170793062,29.260559669704303,1.4449551313822129,484.994752548541
train_trace_215.pkl,1,"[1, 0, 1]",1,0,,0.38010797300706234,0.22190951493319305,1.283447265625,-0.8564453125,0.4401430494298674,0.047163668599132354,0.7815135018774957,0.23454258000936762,1.99993896484375,-0.208251953125,0.8159494932005761,0.0455868393595406,-0.5102491123816651,0.21478962522633588,0.077880859375,-1.758544921875,0.5536142517955503,0.03856563453648281,1.0420699016691999,0.2829815174918503,2.787321311869565,0.20247884828278387,1.079809343915326,0.04124859772026579,408473034.78957117,179765536.42235708,1.948091679548814,24.79775549119002,0.4231897159967606,27.409545928809738,-1.6100640366962329,21.230696057280614,-0.6164482789909255,434.62007011620403
train_trace_349.pkl,1,[1],0,2,,0.4632794870797219,0.24130200640369134,1.999939,-1.763916,0.5223548041736549,0.03234301512893186,-0.9003202719931446,0.3589444722474764,1.9973145,-2.0,0.9692356402438104,0.022496466826785702,-0.010824700088475223,0.20000527442897206,1.9072266,-1.999939,0.20029798783665767,0.028744198259284717,1.081690788969878,0.2869435288541345,2.811127827743607,0.11930985084645229,1.1191030121010042,0.02451983596808946,589227687.7603842,52865653.53990887,1.8046469568071368,31.140167918627377,2.7249938491500516,71.1641215495572,-0.5848776292396131,99.07723646454416,0.3823116886003876,479.97640858012903
train_trace_375.pkl,1,[1],0,4,,0.2115471389523048,0.20740758581055138,1.862548828125,-1.15185546875,0.2962601874209003,0.02037114659147201,-1.0290669865789042,0.35714601189777495,0.126220703125,-2.0,1.089280559213774,0.024158823305262356,0.36786941585998945,0.1570889341663433,1.406005859375,-0.5634765625,0.4000060504076002,0.02519529017261746,1.1374454802166856,0.3748664498578924,2.7531420032785863,0.14635655230368635,1.1976255991312255,0.02165910909575887,999767811.528605,144526702.60531422,1.945703045220461,67.24859382260226,0.25453440751437517,104.42936379097729,-0.23473691480971737,144.27692079876138,2.0882562665935844,427.79036840454296
train_trace_361.pkl,1,"[1, 3]",0,1,147.0,0.34105232498345733,0.3500406638219918,1.999939,-2.0,0.48871786820778557,0.10227169172687627,-0.4641042834647299,0.48818591943127354,1.999939,-2.0,0.6735861324739905,0.09198724207511554,0.5862048426404712,0.4649725089373386,1.9992676,-2.0,0.7482215925797805,0.07675584195795092,1.0788193534259736,0.2975698016315135,3.4641016151377544,0.0806011697685226,1.119106332825194,0.1449196120549372,63542411.735979535,30478364.412913416,0.010419814187461674,52.373715854944145,-1.0125087280765204,56.68688296641717,-3.3785818566273043,56.51609693018694,-2.5627737697015855,496.41133231775035
train_trace_177.pkl,1,[1],1,1,-1.0,-0.1604363814067166,0.17213081155351684,0.623046875,-1.115966796875,0.2353058621559475,0.04869280335152609,-0.9615182028311139,0.28356370582931023,-0.101318359375,-2.0,1.0024597895373293,0.04262613523523741,0.08036795616924078,0.2527090955249238,1.580322265625,-1.99993896484375,0.2651808728770725,0.03445751520291084,1.0203923369204189,0.29902316381530175,2.836868218135228,0.16272938750449062,1.0633039893389034,0.03660295577928055,658541948.7876964,158560018.03213325,1.8709182560342532,39.65972712736052,0.6257502562372366,42.16682925125401,-2.2090316634436404,20.944116194085392,0.5473159352961375,434.6062435326964
train_trace_163.pkl,0,"[0, 1, 2, 3]",1,3,,0.010045604935498635,0.1703358316951896,1.99993896484375,-1.4150390625,0.17063179579964594,0.050066432680270646,-0.13434786080552366,0.1981953581137756,1.371337890625,-2.0,0.23943840059787427,0.0456657476172556,-1.0084442172421961,0.29429515409337853,0.40185546875,-1.99993896484375,1.0505091037264127,0.06776133387605889,1.04842021979558,0.30138078431535537,3.419794191365739,0.03727124697585599,1.0908782399657404,0.03399202807836752,540375720.5113965,137878258.33206835,1.8276336786169831,20.265844322747395,-0.259093553904498,26.79722446786812,-2.0938561805843223,22.011910186622202,0.2020882517209244,425.0964612303376
train_trace_188.pkl,1,[1],0,1,-1.0,-0.10283366113942409,0.22557494870725403,0.9365234375,-1.312744140625,0.2479088932402752,0.02419626285065828,1.1271324791638992,0.2917777238275486,1.99993896484375,0.164794921875,1.1642859896555242,0.03364973120606253,-0.05739211155682605,0.11218340533723271,0.583740234375,-0.83837890625,0.12601178874220068,0.05223930834848004,1.1580746696732085,0.3029236131751021,2.1642357941040977,0.23443208635019258,1.19703786738673,0.031341661617764444,379928374.6767236,62451799.67212383,1.9913757909163972,29.86214701380456,2.5924097704766327,97.35524593988939,0.0579615045756739,121.27066556729939,-0.2589449550137371,434.4584638165291
train_trace_189.pkl,1,"[1, 3]",0,2,,0.6427652896978916,0.4021827471224757,1.99993896484375,-2.0,0.7582204031305118,0.042157936910271296,-0.17264482227686748,0.35718964024985167,1.99993896484375,-2.0,0.39672493463460246,0.050596065477261205,0.1508441208420718,0.6702717143376453,1.99951171875,-2.0,0.6870357485849943,0.006737420483720626,1.0516118172298978,0.31371891747295255,3.4640663768323336,0.02477877006292481,1.0974092096013999,0.08725940704158558,78875829.10500197,15747966.545926142,1.9403243636255025,33.97178914019978,0.8468213722632232,28.43895667541183,-0.11400749769465328,26.528630616717656,-1.4715451710140561,422.354559906493
train_trace_162.pkl,1,[1],0,3,,-0.3697105869557123,0.34659821585555706,1.99993896484375,-2.0,0.5067704029848158,0.022592596232274297,1.1443242552895216,0.40700328996710655,1.99993896484375,-1.42333984375,1.214549167093686,0.03101445572381804,0.16626157940558667,0.2068603875402731,1.337890625,-1.546875,0.2653942966978608,0.039839227979834704,1.308039825940606,0.3023439549625236,2.43349495851028,0.07461282612273498,1.3425274869994699,0.02680843954834462,303582902.7908326,85771573.21211907,0.9349796420626235,39.90702320710391,2.943583704390616,91.3365608759824,2.861516880539228,193.56567182952352,-1.3389242520122409,436.80991936471025
train_trace_176.pkl,1,[1],2,1,-1.0,0.3404923398858444,0.8123721888094719,1.99993896484375,-2.0,0.8808425549847315,0.07855929144326175,1.192727633405192,0.5012497689394245,1.99993896484375,-2.0,1.2937737585645244,0.0486340385445005,0.20712708546957814,0.3932072700991744,1.999267578125,-2.0,0.4444250069403915,0.1261632462604439,1.4967700843446343,0.6379083370102084,3.4640663768323336,0.03757545509291209,1.6270364875491186,0.04056064727996267,2077218415.9407673,173834405.3428372,1.8795272505476457,52.40968038253676,-5.1547062700945725,76.49479699553444,3.561191045661966,195.3064287548569,-0.633958461066672,432.63222713869885
train_trace_360.pkl,3,[3],1,0,,-0.5663876241528314,0.2127491153766976,1.6662598,-2.0,0.6050265505637388,0.06294013012012964,0.756401127418337,0.1854248432775661,1.999939,-2.0,0.7787971738933324,0.07378347425619533,-0.2711535225278592,0.12886683204487834,0.859375,-2.0,0.30021807603898387,0.10748312580715905,1.009328561438231,0.20968765628161787,3.464066397129391,0.04868203213984992,1.0308797495982966,0.09059674943346573,16164417.275436806,14006563.88832784,1.1983690742725983,51.282390613766715,2.1985423869280214,72.80660874500087,0.11428773711145228,34.91611262492239,-2.502008258018787,482.34421462863975
train_trace_374.pkl,1,[1],0,0,,-0.3292325331368582,0.20842752198869446,1.999939,-2.0,0.3896615105422399,0.03155546511715541,1.0048771142009818,0.3471113474894019,1.999939,-1.529541,1.0631388913029198,0.02239857710250439,-0.17454473286852715,0.17453907972135835,1.4628906,-2.0,0.24683953111712922,0.025450873107388063,1.1239042626103564,0.2826116728078615,3.1596339056229676,0.20941644596571657,1.1588917762763637,0.024162125905326067,593164816.5995446,60543286.27740536,1.7605899175709339,29.338824602125698,-2.299665844253286,82.9561143851081,-1.6038980441428687,97.50714637970941,1.1098094274843389,482.65296244303886
train_trace_348.pkl,0,"[0, 1]",0,3,,0.4317339478744337,0.38093169491152035,1.999939,-2.0,0.575763109217157,0.019541675614320336,-1.0032479676251937,0.48575921909121256,0.8955078,-2.0,1.1146607122690682,0.033673855467272036,-0.12380571519645298,0.32238110927994906,1.6140137,-1.999939,0.34533669763851577,0.023949034164698183,1.2228401868170962,0.44484938310915895,3.1046702670050568,0.08901563023456002,1.3012413673671268,0.03201726130216482,609566903.3059726,133143580.01610073,0.00408994610374736,83.53732158223278,-0.6224441307582729,152.7666622013862,-3.191981802880533,125.3557366692453,-2.0758871708980693,481.0169597553875
train_trace_214.pkl,0,"[0, 1, 3]",2,3,298.0,-0.005523185894704327,0.570614096875861,1.999939,-2.0,0.5706408267341918,0.07660239134978165,-1.0388193978804883,0.3695998489370133,1.999939,-2.0,1.102610443333022,0.07721837841405331,0.034009014301096555,0.30500170956174977,1.9978027,-2.0,0.30689192868063864,0.09728195707890135,1.1891785065443778,0.47055061188476854,3.4641016151377544,0.02326136265864098,1.2788914726325482,0.059794744310369484,476911012.3195153,80898936.52778408,0.002200263585294647,44.8408877516301,5.153605986586743,42.48234714289586,-0.5878398460535573,108.5526887292023,-0.6363238191489461,507.0191189135854
train_trace_200.pkl,1,"[1, 3]",2,4,168.0,-0.21910086489248964,0.6441323666103466,1.999939,-2.0,0.6803761420800137,0.07609331633035782,-0.9327409087606037,0.4481780219073424,1.999939,-2.0,1.0348280737380173,0.09067586827694847,0.04180756013844846,0.27370359031200625,1.9985352,-2.0,0.27687818157885347,0.17754106968719527,1.1796970851464172,0.46771481870844944,3.4641016151377544,0.02577967760948391,1.269032058043622,0.09007576325857025,161674904.47662565,66956501.25850815,0.0029986266872798575,32.04273842556197,1.727906779387257,39.68752671045362,-1.5359037029719453,92.64237208579354,-0.10071519222965676,509.15074124750583
train_trace_228.pkl,1,[1],0,2,-1.0,-0.13201511379363806,0.19815358821019696,1.246337890625,-2.0,0.23810257199476764,0.036907385798867716,0.9888878375098116,0.4277816924035342,1.99993896484375,-0.438232421875,1.0774489925423214,0.022922338908336573,0.04643926671919297,0.14802548106179686,1.295166015625,-1.19482421875,0.15513912638980767,0.04448766152383422,1.041796507830695,0.3953698915316488,2.223976494854929,0.1491299589728319,1.1142967804216162,0.024115130299494362,997850606.7679956,24099981.98805532,1.7332520098673003,54.74077204900634,1.2557547116507106,41.229086813813744,-2.728897709847156,49.72193457398968,-1.7715113041988135,432.79622053660495
train_trace_016.pkl,1,"[1, 2, 1]",1,1,,-0.18461453837733116,0.4214223537975228,1.99993896484375,-2.0,0.4600862180727864,0.05373469262528598,-0.4346545033501709,0.32336282363163604,1.99993896484375,-2.0,0.5417453765281328,0.05389247801961798,0.3564846916252232,0.829739037711051,1.999267578125,-2.0,0.9030770764806243,0.017873578835719106,1.0674131539703642,0.42584591796324534,3.4640663768323336,0.016824460111347705,1.1492239064320404,0.02812086361205831,909161186.2028509,104738165.69473258,1.9733475534758131,46.72039466155926,0.102348113628457,66.91460306319392,-1.9406896486857497,62.26683889072074,-1.9685618171852401,431.7366371127747
train_trace_002.pkl,1,[1],2,0,,-0.0748064535902081,0.862986795534207,1.999939,-2.0,0.866222959038343,0.09519233434667307,-1.2328193840352948,0.5441184125600765,1.999939,-2.0,1.347556485101853,0.07317298540975578,0.13215487552657304,0.46180573782023976,1.9985352,-2.0,0.4803430551274162,0.1356735629210057,1.5277570225811312,0.6803959331656679,3.4641016151377544,0.0731623915694473,1.6724174556355076,0.05641129889210242,1662962961.1781464,598030941.7433071,2.056456359085793,64.65179488607423,5.5481748880231,66.16017700388748,3.7136025646389803,205.71321649989355,0.4389738613061057,481.10410851880096
train_trace_028.pkl,0,"[0, 1]",0,1,,-0.3625182458832061,0.12649654309352998,0.6452637,-1.7280273,0.38395423426868197,0.04092754083815048,1.054873523398069,0.1976505548456678,1.999939,-0.73876953,1.0732305866853855,0.033756447693397695,0.058276278590696035,0.10462336307357804,0.7619629,-0.43481445,0.11975881072892364,0.04555597491772776,1.128922104648634,0.1977923168194655,2.353301818469391,0.4020715110391669,1.1461181958930384,0.03314726895903273,212319326.2406767,143124341.44279957,0.0039730626335904235,34.082836717179546,-0.4565828686680393,76.71266935822744,0.5463805159433072,135.7361734284999,0.8282970154429827,485.07065608330294
train_trace_014.pkl,0,"[0, 1]",1,2,,0.0014800059409335433,0.09915443543234201,0.609375,-0.69970703125,0.09916548030182519,0.031060012326609498,0.968993496947083,0.21645536222514797,1.99993896484375,0.240966796875,0.9928752796609233,0.020118244142958232,0.14321733153821314,0.146587554598528,0.940673828125,-1.179443359375,0.20493685665614883,0.030466508906355813,0.9953259703516553,0.21670357958484918,2.322225444404384,0.2580714226046574,1.0186433275005295,0.020011717888040906,352609859.4493001,44125388.163787425,1.7499650025641067,10.85365834579823,0.6915370652296551,16.632184348632542,0.927169392049124,9.843888623774086,0.23668701119860622,433.41361656179595
train_trace_000.pkl,1,[1],0,0,-1.0,-0.2962399220430842,0.1279743877556722,0.56225586,-1.1647949,0.3227003801261036,0.034353165820422686,1.0244526548957176,0.2862329086622976,1.999939,-0.38916016,1.0636881686491408,0.03023911817037712,0.11347802926527445,0.12444165472005399,0.6640625,-0.36108398,0.16841314840414218,0.031975003254784536,1.0906096944061958,0.2729496995424529,2.168648418448646,0.2658083746474994,1.1242468785872126,0.027097166167599704,391717260.56314576,80738323.54565558,1.7915671331075833,31.41759862142437,0.31643008897811925,75.54658984228918,1.770502667735054,120.91550095668238,0.3475380690621527,479.9795598841701
train_trace_216.pkl,1,[1],2,3,,0.15229832216634828,0.7194525403477772,1.999939,-2.0,0.7353956328042441,0.08353605670081397,1.1610335671728025,0.5600223381625036,1.999939,-2.0,1.2890399386143938,0.04835057534154328,0.1265946032856205,0.44049489707151424,1.9997559,-2.0,0.45832515524143724,0.101793786142981,1.4062453971406828,0.6595199246711847,3.464066397129391,0.03756038187818006,1.5532200900122435,0.04272763238747801,2454213331.8871865,229482295.91418537,1.9236567491302323,31.008509656770258,-6.051877469864158,68.92339005644168,-9.964153417065079,193.65515752033986,0.03050344574687715,482.9779690768019
train_trace_202.pkl,1,[1],2,2,-1.0,-0.11052701733952387,0.8807113109130676,1.999939,-2.0,0.8876196453054572,0.0727866830044929,-1.150506608395764,0.5115957187916739,1.999939,-2.0,1.2591249483066778,0.06293397350938175,0.004206598410929916,0.4953941179637102,1.9824219,-2.0,0.4954119776340023,0.09401752148507506,1.459508104112975,0.6989516376633378,3.4641016151377544,0.018336570099700772,1.6182389495262166,0.05816599564880342,2593018584.048846,260927246.61236447,1.9451329243884186,44.21687667292016,16.890174390721715,71.97468029343923,1.97276893843109,191.0447181375611,-7.222075747291953,480.17971649075645
train_trace_362.pkl,1,[1],1,1,-1.0,-0.9665800184463369,0.3665167145721183,1.3498535,-2.0,1.033736636731262,0.06758588535955726,-0.03272577508690307,0.27726315399567675,1.999939,-2.0,0.2791878094019668,0.11127323588579124,0.1459141607360788,0.2756312445789863,1.9667969,-2.0,0.3118710074557671,0.0979252825431909,1.0460033918799267,0.38690786565575747,3.1942331073899415,0.01974522704808481,1.1152671394471394,0.07014150902670455,614842574.1806343,125415914.98592083,2.0311324703416025,43.8520813018567,0.009924591285959645,28.844986104174318,-1.555206336719419,34.003164208379175,-0.49826248419004704,481.61266371806033
train_trace_376.pkl,0,"[0, 1]",1,2,,0.37161369707093916,0.2995552640572907,1.99993896484375,-2.0,0.47731550998806327,0.06166047388056878,-0.040432337049508965,0.34006135195894677,1.99993896484375,-2.0,0.34245656217311965,0.06337074230190022,-1.0138440208929274,0.4330211181596322,1.891357421875,-2.0,1.1024459113591727,0.042249684054395616,1.1648401289163437,0.4512660574309896,3.4640311381684463,0.0781597060362599,1.2491971743976822,0.04077400997404327,1303459381.4431708,259022445.25271866,1.9194875429728475,99.6188966265966,0.9518795519190357,68.78743339675938,0.4870619925709004,75.74147274629803,0.8214354038758145,433.6009785711755
train_trace_389.pkl,0,"[0, 1, 2]",0,0,,-0.48176092454681646,0.5237833312913506,1.999939,-2.0,0.7116477826557658,0.019052267505953832,0.8906813181324326,0.5296999129526387,1.999939,-1.2294922,1.0362891528198879,0.01693160875529113,-0.17545612499827123,0.27260037070938503,1.5898438,-1.8439941,0.32418484528167435,0.03255042876017201,1.234144650391201,0.40289027120558746,3.376399005531753,0.05763787497378908,1.298242499967295,0.029529331571727917,632140908.4265307,164911443.23147553,0.0033663856256630114,40.753495951761884,-4.425988633619741,87.58593406143576,-0.1870237871945603,123.45541300873487,0.8859948915324913,480.1373895768272
train_trace_148.pkl,1,[1],2,0,,-0.2620802940401682,0.6699589745681513,1.999939,-2.0,0.7193963498160036,0.05959258602204447,-1.2158499092137611,0.41550725275110056,1.9675293,-2.0,1.2848880413576422,0.06273959289455212,-0.0065862803920365915,0.5741733761283276,1.9980469,-2.0,0.5742111501390447,0.0538462131788626,1.4549190800406917,0.6175737222631972,3.4641016151377544,0.08300565837462281,1.5805653519853182,0.04561617314708401,2184772677.254243,569404407.7332999,1.9997099121495212,146.48979164999187,5.993734083217318,66.56326028825117,4.784776596908953,143.59869788534232,5.168096467241416,480.1806108427056
train_trace_160.pkl,3,[3],1,0,,0.9691411577309899,0.0868249212605779,1.8588867,0.46679688,0.9730226875875347,0.0591358206754166,-0.15622949127867936,0.11038230444941023,0.25878906,-1.0249023,0.19129011234446291,0.028528910994624016,-0.12948121701934245,0.20885147685321587,0.62939453,-0.8840332,0.24573222203158343,0.028421659449531445,1.019006198061467,0.07331951239417717,1.946509854702093,0.5081568262278504,1.0216405349169568,0.07630947433336462,3713654.7030800134,7064760.844674656,0.0026774622976448157,14.135750651201773,0.2124302386256972,11.989939578952665,0.09105850956756759,16.68679593445724,1.4527579430919804,475.92711094447543
train_trace_174.pkl,1,[1],1,2,,0.9646864181328152,0.3419058476681293,1.999939,-0.3305664,1.0234839979206234,0.046165982049234736,-0.06663842690123875,0.2198943335056997,1.5332031,-1.5952148,0.2297698802014477,0.07851776317688142,0.12537900369846564,0.2979409671429181,1.7800293,-1.2717285,0.323247141473018,0.04937903435272388,1.0342360187285027,0.36763876819843627,2.7437079956038835,0.054114473373161366,1.0976349148591473,0.04049985089128532,492482201.972585,95768790.38209733,1.8782920538974355,29.535700454617086,-0.7438380759055141,21.449943156517516,-0.5169027822809181,24.784613746344807,-0.7212318718226105,476.72912235658964
train_trace_175.pkl,1,[1],1,3,,-0.4153215860583119,0.24022835145103824,1.20947265625,-2.0,0.4797933729084587,0.05447936888191318,0.09408787145773444,0.2626844610420786,1.99993896484375,-2.0,0.27902625974702533,0.05759365577630003,0.9839310249007949,0.39713034488950455,1.999755859375,-2.0,1.06105267192274,0.03380281690140845,1.1443536223043602,0.3526257137937681,3.4640663768323336,0.056241967369440454,1.1974515050346195,0.026260790549750113,754660755.4920216,97664670.72041158,1.9092448184753281,40.7422142431508,0.31921102860098066,38.633866428019935,-0.36851798230745225,37.43033055986876,-2.462400698075684,431.631038082721
train_trace_161.pkl,1,"[1, 3]",1,1,154.0,-0.6999821985033089,0.16848009709506415,0.13476562,-2.0,0.7199726531880832,0.04216797254419478,0.4794659501603052,0.22308523706360894,1.999939,-1.052002,0.5288238084266355,0.02838826652852425,0.46866364840067215,0.1524660355666633,1.9914551,-2.0,0.49284024524549935,0.0416369876319368,1.0040373263335036,0.1811513079175857,3.134865401225954,0.05393297916891771,1.0202483761472902,0.05716505860260312,52502100.52579138,36998960.09635694,1.8108855118012916,26.846179059498503,1.0631168435173024,19.07152647113281,-2.183491886513236,31.617390107239334,-1.1846304813788462,455.80841064453125
train_trace_149.pkl,1,[1],1,2,-1.0,0.7110176068292218,0.3465839807710981,1.99993896484375,-0.587646484375,0.7909908298762348,0.06155979202772963,-0.5313448530428951,0.3503563394205532,1.26708984375,-1.970947265625,0.6364565322371558,0.07214657093339935,-0.4842280184026944,0.29193881486780326,0.458251953125,-1.99993896484375,0.565424659377903,0.04229759841544937,1.079075989630803,0.43132756045789694,2.86434858407869,0.06704583425076356,1.1620879724910065,0.04499133448873484,676434869.1910788,133660347.73944741,1.922455646391461,43.78378686786857,-1.864414701671839,40.84824600265726,-1.405734227059137,36.69661583428,-0.23808325929359142,432.4464800510351
train_trace_388.pkl,1,"[1, 3]",0,4,277.0,0.38131064205933984,0.4031259398121504,1.999939,-2.0,0.5548948811235652,0.0515306444486524,-0.6392049209356495,0.42423323880210567,1.999939,-2.0,0.7671745380634544,0.10563655873256328,0.48988882170131226,0.431418307327304,1.9990234,-2.0,0.6527731715726804,0.0720949315154958,1.096858278655547,0.3456585468636023,3.4641016151377544,0.1128421029126908,1.1500338753597938,0.13929180079530393,116650951.58200756,34795789.19099376,1.929659542915785,41.66116949307259,-0.5409633308031331,52.21378359113583,-3.489509542334239,57.836505850825425,-0.8219210644064078,506.5055746018008
train_trace_377.pkl,1,[1],1,2,,-0.16600595843452054,0.23320990589421506,1.2114258,-1.407959,0.2862600888055344,0.040641825872574804,0.017320283674105375,0.24483483143428675,1.0126953,-2.0,0.24544670890033762,0.05485698265981744,1.0717334173241588,0.3563910236615421,1.9997559,-2.0,1.129436620424467,0.036618045993123294,1.140305986827033,0.3428093658510912,2.908947420916413,0.14930771033509635,1.1907207921711962,0.035249301198063965,731408412.6610764,86639051.27172263,1.8002067371667925,33.52349358783997,0.4286850334598367,32.08267718556276,-0.10615099700885552,40.286290138752996,-2.456503237633732,480.39845760775125
train_trace_363.pkl,1,[1],1,2,,0.1326663073540976,0.32137816460308527,1.999939,-2.0,0.34768415809556186,0.05145401903029736,-0.8122321704830664,0.28476200471330154,1.595459,-2.0,0.860703490231085,0.06839138487873701,0.43541191829689657,0.2125141399146784,1.8754883,-2.0,0.4845057257232972,0.07317236260539883,1.0183514821118071,0.24372285290045315,3.2023250810000534,0.08049275750774079,1.0471105816222326,0.06751542951902695,492658926.22952753,76789423.83805263,1.8110393108730483,35.35066903622632,0.5697737275672877,35.596152774527354,0.08531778470174925,37.2529161945312,1.0876206147765661,480.07024518010473
train_trace_203.pkl,0,"[0, 1]",2,1,,0.014817132129757273,0.8083406013950513,1.999939,-2.0,0.8084763912868846,0.0693376453322319,-1.2103648459845766,0.5032024377754183,1.999939,-2.0,1.3107996619538742,0.04273624451845928,0.15763119610082052,0.3295891383100939,1.9902344,-2.0,0.36534448685612536,0.1016336968653057,1.4399771956920224,0.6570936759776033,3.4641016151377544,0.04355430397406814,1.5828159789194765,0.03204998637853609,2051848063.8344972,136439405.61266512,0.0017560187824628216,29.418727958640456,4.972780916544554,50.8956425405595,-0.3829481102151205,181.51637299555736,-0.010462254024281147,485.3000200526921
train_trace_217.pkl,1,[1],1,1,,-0.9848261528857847,0.2635599936121619,1.159668,-2.0,1.0194834092032383,0.05116252629185379,-0.14051388223173802,0.16437749704073207,1.999939,-2.0,0.21625011591490673,0.07623216417486214,0.1565218824795769,0.22425817030475895,1.9821777,-2.0,0.2734791155525203,0.04125847181955419,1.0412768105480878,0.2768464641855809,3.4641016151377544,0.10547242088921258,1.0774513264724568,0.0469431969630935,698156603.6111441,100977497.49954325,1.7470622632986883,30.3714973893783,0.5247944957185259,17.57670178870871,-1.6448661379944103,15.931189028283653,-0.057716331337935814,482.0158072268676
train_trace_001.pkl,0,"[0, 1]",1,1,,-0.002259828363491745,0.5474243432090912,1.99993896484375,-2.0,0.5474290076001976,0.02259883422236035,-0.41447377190377954,0.31509507843303164,1.99993896484375,-2.0,0.520647112782607,0.05618312476611507,-0.8288970190055573,0.3619859007272955,1.923095703125,-2.0,0.9044910505039011,0.03947660516417929,1.1029625086592796,0.41512612462320503,3.4640311381684463,0.04649773413767325,1.1784973461372972,0.0397303108528951,1399810751.6831636,370160776.8425703,1.9875398683679115,58.88973523020006,1.3735347087373109,63.92828651785153,-2.0552140257773255,49.35573734841334,-0.4531758925676201,433.94431268548107
train_trace_015.pkl,2,[2],2,1,734.0,-0.11702943884808084,1.2167367483012195,1.99993896484375,-2.0,1.2223519150489035,0.07236051352622502,-1.2588893673491717,0.9190498785311472,1.99993896484375,-2.0,1.5586709461759125,0.09120838922082673,-0.1775957318053995,0.973685598544025,1.99609375,-2.0,0.9897494070559131,0.07891023742749143,2.062940550872224,0.804661105690571,3.4641016151377544,0.03239719416631406,2.214317775623943,0.08650513003640671,633412710.3873293,157583641.10505554,1.3156562331511341,201.54880849325644,-13.736519127785163,134.3314955314649,9.734306314185577,263.8177832954263,-12.348653480759433,435.95526849595547
train_trace_029.pkl,1,"[1, 2]",2,4,,0.17582183460180512,1.0388199052046374,1.99993896484375,-2.0,1.0535939032531065,0.083630581460312,1.2319857544672754,0.7350291881021754,1.99993896484375,-2.0,1.434592906218501,0.07636769951437535,0.036222223128415616,0.551479799943227,1.99169921875,-2.0,0.5526680913475885,0.13255117681607861,1.6870461646364066,0.7921074277671801,3.4641016151377544,0.007873298582322802,1.8637486254155489,0.05614050166888707,900117798.8716238,278081742.3305301,0.0028689217203636164,91.96541697020086,-17.21021589707159,121.46935751493612,-6.23966940985397,250.59569469817217,0.06524767319379585,426.23179953140306
train_trace_072.pkl,1,"[1, 2, 1, 0, 1]",1,3,,0.0018777144272367182,0.4710031660918904,1.999939,-2.0,0.47100690895150915,0.0592961826037587,0.704999502437341,0.47413338228022767,1.999939,-1.7631836,0.8496038857193315,0.09214869273183922,-0.6512901404528498,0.4988140039546992,1.9943848,-2.0,0.8203622721654203,0.10015492835766318,1.1527797372704658,0.5364395640148931,3.464066397129391,0.01366097150148927,1.271482807002066,0.062375503998306374,952587398.4473711,172037273.8071335,1.9408755178116228,94.95107912955851,-3.1320279731787917,129.0773136805641,4.419329418542812,133.24259222053837,-2.4667616492278484,480.34509814476553
train_trace_066.pkl,1,[1],1,1,,-0.07900072943812904,0.22206601300413029,0.953369140625,-1.3896484375,0.2356998714113078,0.05625499869696888,0.025424121936219447,0.26679631566145906,1.233154296875,-2.0,0.268004962690538,0.05521257380098671,1.1092086122843279,0.39134414404267165,1.99951171875,-2.0,1.1762202109478546,0.03555926994311595,1.1712274967883012,0.372962765995869,2.7879996745699085,0.23607956607001823,1.2291765837552713,0.03285435706647256,745622703.4132797,65160224.1165415,1.8956715884720035,30.089232284527235,0.541591301485414,34.652345532119945,-0.5445221188598018,43.35878766752244,-2.330151193866963,435.22489668545666
train_trace_099.pkl,0,"[0, 1, 0, 1, 2, 1]",1,1,,-0.08923997515547094,0.6185570073937992,1.99993896484375,-2.0,0.6249612344471628,0.013105278594473177,-0.2776194434151219,0.29159074824031456,1.99993896484375,-2.0,0.40261361107328275,0.04450930317402408,-0.6079747445716783,0.5959199457599743,1.999755859375,-2.0,0.8513247745670087,0.024364944810467054,1.0656826082298798,0.3764953050054135,3.4641016151377544,0.01278187511006682,1.1302336644140265,0.02651815925202624,1003322442.5274539,159396774.61041808,1.935076962341396,47.47502810468699,0.6808913707787732,65.5897664302998,-2.027154009743606,52.13977638432415,-0.8039013859444412,429.87347347223243
train_trace_270.pkl,1,"[1, 3]",0,3,-1.0,-0.327387386799438,0.36278534024125414,1.99993896484375,-2.0,0.4886672734379983,0.049940005164112455,0.6407486193669668,0.552451491665613,1.99993896484375,-2.0,0.846026857649469,0.04474551557587448,0.315758785094844,0.5404444298956493,1.99951171875,-2.0,0.6259263472404764,0.04011300293139325,1.0958121420858233,0.3814927121461784,3.4641016151377544,0.10402854663364991,1.1603193268076542,0.07557830465225777,160547110.10697988,39794764.30707671,0.006078860963005097,72.43660715594541,-0.9860688831797492,68.8958843605874,-0.06281527105542319,58.85712673911886,-0.4514348898015074,419.1631836815193
train_trace_264.pkl,1,[1],1,0,,-0.26430754319172606,0.5374738588047078,1.99993896484375,-2.0,0.5989462632711461,0.08035333136308409,0.22947935916078904,0.8646002203138916,1.99993896484375,-2.0,0.8945358110482086,0.0316443919044648,0.318438204282637,0.6930140602137369,1.9990234375,-2.0,0.7626738343490483,0.06364999616895982,1.1836444145642127,0.5827419849348142,3.4641016151377544,0.03081205578961621,1.3193188853096982,0.0680940027802406,810027403.7189442,265897860.94148052,1.8551615782708695,168.029447225801,-1.4365865971286327,94.89650101952222,-5.358342907265898,94.81285103990008,-3.8611144819109326,433.6958958844307
train_trace_258.pkl,0,"[0, 1]",0,1,,-0.3141227003631315,0.19259288300358138,0.6828613,-1.355957,0.3684631453307872,0.02038455748952251,1.1180391121103221,0.2533056720021635,1.9487305,-0.48510742,1.1463748164003364,0.03445489332372072,-0.009378762759309876,0.16599696457194885,1.223877,-1.3037109,0.16626170165734577,0.03174540297727039,1.1900889633290181,0.24753085049023962,2.163150247989961,0.2284290118586959,1.2155588272814928,0.03179293789562916,340120949.38108104,99948232.88301268,1.8802624593738255,75.32672698493857,-4.278019424974031,97.47845325901028,-0.711553219222319,115.34027825162208,0.14514406067698676,486.10679332275237
train_trace_304.pkl,0,"[0, 1]",2,3,,0.05827117573961441,0.801399474913166,1.99993896484375,-2.0,0.803515182378762,0.07215596532148044,1.1936037305072569,0.5799398127332172,1.99993896484375,-2.0,1.3270343069694466,0.06048497117458082,-0.02514390256468334,0.4850832597151651,1.997314453125,-2.0,0.485734479620371,0.09034018395458346,1.468599781972655,0.6970002620293605,3.4641016151377544,0.02581087202429513,1.6256059439111088,0.04201909959072306,2085382121.6982944,471940721.080858,0.0017604487013651365,66.39155900199066,-1.3452432404402495,57.80984997278811,-2.103561113424963,205.8123935450907,0.09473178306443139,428.652709819756
train_trace_310.pkl,0,"[0, 1]",2,4,,-0.04798228167554136,0.7714317297591731,1.99993896484375,-2.0,0.7729225142496634,0.08044193454534604,1.1455938189432084,0.5709322154948581,1.99993896484375,-2.0,1.279979996988528,0.05752459958074407,0.03473786358390511,0.49594079620632925,1.999755859375,-2.0,0.4971559036239455,0.15590800241706268,1.4235322608894667,0.6756314827180844,3.4641016151377544,0.01663205208032334,1.5757290370596446,0.06123971442852134,2864255068.498171,286190635.4501875,1.8607651582643268,61.613424122768265,-13.366544295051668,62.10632079271442,-5.513743188620809,187.24602956596996,-2.41349528301983,428.34515006004676
train_trace_338.pkl,0,"[0, 1, 2]",2,4,,-0.04191623805651151,0.7777110878081144,1.999939,-2.0,0.7788398468956829,0.07399523546408934,1.1680729614127456,0.5508188157799728,1.999939,-2.0,1.2914316904121537,0.05682116685839546,-0.43543411006202654,0.38436581172850764,1.9741211,-2.0,0.5808097291120593,0.09710232882544226,1.4781876796555053,0.6532139337607402,3.4641016151377544,0.04509139211177811,1.6160839271351306,0.040480439134412446,1601776156.3773086,238833511.54773137,0.0036233984552653275,46.349936634835935,10.508131771030152,77.7566345298784,-2.159635021187536,194.8098382622791,-10.701977410149432,470.3434905759672
train_trace_106.pkl,0,"[0, 1]",0,4,-1.0,-0.27211873861990216,0.29375880799857684,1.168701171875,-2.0,0.400428327150854,0.028159585474209506,1.078035652032232,0.44251081483478927,1.99993896484375,-1.384765625,1.1653225683467685,0.02397781313302557,-0.02112631878048277,0.2436779891798534,1.735595703125,-1.762939453125,0.24459207623296247,0.028246524608121854,1.2004571769035446,0.3701991135319808,2.6681567868646705,0.20218293268861456,1.256242340171311,0.026881580205697992,623113113.6997042,88473703.98066601,0.005212025260394953,85.1314570099049,2.258090253897081,110.02201358717663,1.126895612164024,132.49502278904873,-2.184489917847987,423.51798521017855
train_trace_112.pkl,1,[1],0,1,,-0.8229179480086835,0.3317556307233552,0.939697265625,-2.0,0.8872743361956738,0.022977182992559846,0.2860703920474852,0.45290918761678806,1.99993896484375,-0.9912109375,0.5356892769450409,0.006839496087712132,-0.19952269006178722,0.2759059348624005,1.169189453125,-1.215087890625,0.34048992458189886,0.023289525319750447,1.042003989415194,0.32307866517302125,2.8052371138731083,0.18277916889698376,1.0909409415028668,0.025916404379199603,684733029.3413395,105125899.58004698,1.9309377664024263,32.04872401395368,0.17927121896122983,31.50043235249566,-0.020104515314224376,23.04928345438402,-0.13417735703476633,434.32414879630045
train_trace_113.pkl,1,[1],2,0,-1.0,0.21367066844249405,0.7394134293246439,1.99993896484375,-2.0,0.7696670540034127,0.06328452354133814,1.20729559433089,0.48266680118963534,1.99993896484375,-1.69921875,1.3002037890505518,0.057724712773147106,0.10137894299341045,0.32969905327196497,1.998291015625,-2.0,0.34493355274732435,0.09312908312683037,1.4167569321136413,0.6282485321897215,3.4640663768323336,0.01731334047997207,1.549805285476403,0.03875647668393782,2005116802.7111804,154331752.22366738,1.9450267895983,63.28931941105262,-10.26105303252857,67.61111890290896,-3.2611946471147197,175.04564664461364,3.376372270243116,433.1709100601747
train_trace_107.pkl,1,[1],2,0,-1.0,0.33080383660438434,0.8218661683601641,1.99993896484375,-2.0,0.8859431003214585,0.07668664235634326,1.216065453837814,0.47645785106580085,1.99993896484375,-0.99169921875,1.3060732260711914,0.05120627097220075,0.18238060300603073,0.3970391103045464,1.999755859375,-2.0,0.4369241804527064,0.12906599252503023,1.5101888963475776,0.633209827529518,3.4640663768323336,0.07366455365368298,1.637566850034366,0.04400411032400629,1961500131.1513433,155001563.24757594,1.845229777379077,48.099474688570844,-3.8203667227607547,72.61009536666198,2.658097344715835,196.00941197045125,-1.0771824251039224,431.8797608772834
train_trace_339.pkl,1,[1],0,2,,0.3371660159348694,0.20125196901528147,1.99993896484375,-0.897216796875,0.39266178491663845,0.026765965786600218,-0.9633263429456884,0.3670311597589565,1.99993896484375,-2.0,1.0308780312176213,0.024731453742848877,-0.30192222042690375,0.19707982090471304,1.363037109375,-2.0,0.3605516370720644,0.03670521040400929,1.0873428526656883,0.4056794255729867,2.845875544354835,0.1498019102552821,1.160556020007817,0.023182238149900607,790843480.1228919,108443747.3788716,2.0625253150036067,69.12349006361266,0.15117297230219687,106.42348917960771,-2.4650273829302503,109.29412166834122,-2.263282900054508,431.687688094833
train_trace_311.pkl,1,[1],0,4,,0.4574734175208792,0.2091528955384348,1.908447265625,-0.83203125,0.5030177546074732,0.026423162749876286,-0.9287660437482201,0.37331278018305086,0.587158203125,-2.0,1.0009839138905878,0.024667843104301465,0.1338994550747696,0.12345141326204337,1.88623046875,-0.572998046875,0.18212445059825455,0.04361222374723397,1.0662772256250679,0.388867395055291,2.479031219842882,0.06376324983420266,1.13497355600198,0.022819155392472666,765840998.7649069,70905848.20607406,1.8378090963929044,58.21514268952582,1.1867294391304977,77.66171882226536,0.2724935590312628,85.50496515511273,-0.42552680160025536,426.2873065874615
train_trace_305.pkl,1,"[1, 2]",0,4,-1.0,0.2834317607848962,0.5614175779071711,1.999939,-1.5200195,0.628906399875833,0.018678230769978706,-0.8797330731421158,0.6883634207149537,1.7854004,-2.0,1.117038262083472,0.021167365115171078,-0.2275376677424501,0.4021164472672022,1.3818359,-1.999939,0.46202924951183577,0.034497846315400545,1.277293012903753,0.4746486335753725,3.3447222000880967,0.054327186129980214,1.362633026962034,0.029247328556010383,820884402.6332033,175075731.64942458,0.0019449425602553938,115.52190467221504,1.2095529410770065,93.0052342895024,-0.5238158540045216,160.73656277971972,-2.5854422285987484,475.4664446231865
train_trace_259.pkl,1,[1],1,2,-1.0,0.2478310167177548,0.29817863121139504,1.999939,-2.0,0.38772504298595056,0.06616702537621968,-0.2095397361494212,0.2236556453427236,1.999939,-2.0,0.3064779742807617,0.09401025937678115,-0.9576758399431257,0.4028719850928048,1.6147461,-1.999939,1.0389652789113735,0.04706042483687931,1.0593821719673118,0.44879585802333966,3.463995960038493,0.008707301749667672,1.1505252315621264,0.04748577213294655,1039637267.1223096,279194698.6246854,1.9927680890408115,27.982655795510855,-0.5868054003646812,47.24250403187103,-0.33792820348974906,64.47716500254857,-1.553557398456564,479.52873808141555
train_trace_265.pkl,1,[1],0,3,-1.0,-0.19025746356075193,0.11191883618135041,0.308349609375,-1.54150390625,0.220734520029738,0.03048375788735686,1.053758206425974,0.3522054386638813,1.99993896484375,0.07373046875,1.111060317280076,0.020864688011217575,0.2954103114395986,0.14077591428145533,1.13134765625,-0.2109375,0.3272386134713022,0.02027576536573966,1.1248151971315177,0.35363065395390647,2.2936624009051614,0.3241623059513095,1.1790945115273337,0.02075251226922178,623001676.1967382,63798979.13258638,1.958447963401769,78.17956154248908,3.0250087170910414,49.30887428495681,-0.7566218956694287,124.14202464721134,-1.9864242946249333,430.4356508712637
train_trace_271.pkl,1,"[1, 2]",2,2,,0.006594833131094331,1.007451957614743,1.999939,-2.0,1.007473542444567,0.076797545156566,1.3003342287805155,0.7281135243148529,1.999939,-2.0,1.4903081596865841,0.05389497175535254,0.007361094770121491,0.6795602318308286,1.9997559,-2.0,0.6796000988832949,0.09098263477229933,1.7479073142161232,0.8016842675680882,3.4641016151377544,0.027524080633319487,1.9229866468481789,0.05880465862333496,1025632215.2439309,227198635.77152246,0.002791814339299863,94.15445676114544,2.525145279068762,59.79336121748422,-6.745011968557186,236.68621531564614,-0.3196379007934469,477.22239339412414
train_trace_098.pkl,1,"[1, 3]",0,2,-1.0,-0.42683302688376806,0.46383103087020494,1.99993896484375,-2.0,0.6303377333119734,0.015482839247422556,0.2595698768303685,0.33351634553236376,1.99993896484375,-1.594482421875,0.42262237718203677,0.039106889742316124,0.3962500628216088,0.6052498015478752,1.874267578125,-2.0,0.7234234130575753,0.005609197630326012,1.0245465761183423,0.22266809303518478,3.389525143384807,0.27752700983516776,1.0484640033361867,0.10378832850756575,109885434.56305063,25691223.976099946,1.9439313787794668,26.646472103092602,-1.1420666790211886,29.27149867406382,-0.05470271442351958,23.439320535884598,-0.3583726552041563,426.98357913340254
train_trace_067.pkl,0,"[0, 1, 2]",2,4,-1.0,0.031128021601729446,0.7651777308481971,1.99993896484375,-2.0,0.7658106250992041,0.0842061869547294,1.1540739711833876,0.5761054458471134,1.99993896484375,-2.0,1.2898775971764516,0.05248899994110867,0.0677107208781872,0.41773992241523933,1.999267578125,-2.0,0.4231919003257671,0.11237306815409337,1.401941911096785,0.6811023356472641,3.4641016151377544,0.019823557274216714,1.558634502926797,0.034956210090608515,2365443490.554374,360652870.20234644,0.0033689600237018064,40.210141329864356,-12.740848811867581,69.60872808055224,-5.094446297015391,201.85430079487864,-2.396198313270576,423.5849530594178
train_trace_073.pkl,1,"[1, 2]",0,4,,-0.35467165407302015,0.4372979858933318,1.126220703125,-2.0,0.5630466327661117,0.027690034371620393,0.9324181233037309,0.6124016065083258,1.99993896484375,-2.0,1.115544389219555,0.02023749611846966,0.14632696792526728,0.26967314179876234,1.99951171875,-2.0,0.3068145774728078,0.035292480003426455,1.1886795163834663,0.4925819599504968,3.4640311381684463,0.05869944893417468,1.286699646358195,0.024295703012067543,815622596.3024566,180416325.87632146,0.9011361691501227,94.07438812487689,11.354435627767234,95.27254685011627,-0.6447815417181411,153.07082013192746,-6.573159951593485,426.5658822505612
train_trace_065.pkl,1,"[1, 2]",1,4,,-0.14212881139724487,0.27843102289884414,1.999939,-2.0,0.31260907463106424,0.053586257266060366,0.9081241600861748,0.4785245936832831,1.999939,-0.78808594,1.0264868615291534,0.03723824674090304,0.2857441170143176,0.35217699600191177,1.998291,-2.0,0.4535177360602588,0.06617242448799912,1.0519539612590658,0.500470689197923,3.464031178762974,0.022707703024344977,1.1649369284879265,0.036687977108783305,739180637.8892206,391814744.0629599,2.0765547675768103,51.92221188388724,0.16277756818261763,53.33505861213234,-2.589725126991436,42.36129738498712,0.671374343764247,473.0740290379526
train_trace_071.pkl,1,"[1, 2]",1,1,,-0.8893639392988094,0.3962541051632382,1.39306640625,-2.0,0.9736454859874897,0.054093529120262905,0.11832213497971075,0.276792329600023,1.99993896484375,-2.0,0.30102179547595,0.08486998252523409,0.3500124838077271,0.2594880255007594,1.998291015625,-2.0,0.4357095066664683,0.08836493570851048,1.0245937902683075,0.42267007568378934,3.4641016151377544,0.04639571253271639,1.10835122047793,0.050268207228119595,574866259.523288,395886954.63530684,1.8401390312395114,51.204071836321155,1.320333901359037,49.151916952911336,-1.434256792035317,54.26087534595372,0.2709948679952798,431.5766273429764
train_trace_059.pkl,0,"[0, 1]",1,3,,0.35138293431291223,0.3590563518260045,1.999939,-1.3581543,0.502385738564454,0.06278256856427393,-0.19158105159052802,0.26682532265264963,1.999939,-2.0,0.32847991131456294,0.09006298768449751,-0.9244295051751502,0.4985465341157658,0.82666016,-1.999939,1.0502945095149339,0.03962156110318186,1.0796049461950643,0.5457675323052317,3.463995960038493,0.006281582081745574,1.2097144452999602,0.03916005025340364,1485261647.4224427,409995011.37704813,2.2449722997061494,36.047901940283204,-0.5031677239895992,57.78746757282855,0.2715799166981146,66.74136672315367,-3.0915746571387257,476.447703847583
train_trace_267.pkl,1,[1],0,2,,-0.275589635593103,0.19808053043072288,1.1279296875,-1.66845703125,0.3393899582811133,0.027900543531115266,1.1558650572105398,0.3401072983524455,1.99993896484375,-1.23193359375,1.2048638947503256,0.025674551289670746,0.0017261003887340076,0.15443586956933783,1.158203125,-0.9423828125,0.15444551541624482,0.025480047113233848,1.2146242211309006,0.3397410297996432,2.705606072339369,0.134058548662336,1.2612438169866955,0.02552327026355316,400293719.65787596,72833669.24064839,2.0113204445848747,57.38216303784563,5.6365550306328105,79.88131561169256,-1.7930214830453959,156.062485038867,-1.0384525665768614,432.331574483653
train_trace_273.pkl,1,[1],1,0,-1.0,-0.9462500392368861,0.3558465108379441,-0.023681640625,-2.0,1.010948008569851,0.040830721702872344,0.020847630092075894,0.19528376111587625,1.161865234375,-1.1083984375,0.19639340884056838,0.06469700622326985,0.3027506844656808,0.2583579648123873,1.8681640625,-0.419677734375,0.3980035363240344,0.0450896883007884,1.0375229693520651,0.3775435737245136,2.549081478462125,0.24228998292407364,1.1040801882081768,0.0314645666479165,742856158.5951574,79491080.66613048,1.8491645893631434,24.367317337771937,0.703866822378976,18.4483751412602,0.015399796622140067,23.2708896539274,-2.127391815185547,432.0626353967203
train_trace_298.pkl,1,[1],1,3,,0.02285317251718449,0.19569012028778507,0.946533203125,-0.74365234375,0.19702002606930086,0.04939990217841153,0.9763023074265132,0.2986247082670008,1.99993896484375,0.093505859375,1.0209519635486703,0.025486286165769968,0.26207704909187096,0.24363583824085583,1.4482421875,-1.99993896484375,0.35783068808589824,0.041747244064863236,1.056001190953544,0.3066986934875286,2.7647221385978034,0.21020153366095587,1.0996374874849715,0.023981338650814553,674006881.5068713,127720991.58216259,1.8263713679230078,22.15942778936925,0.036730354101491954,35.79061140234546,0.38021098209696164,27.90158055784767,-0.7803630116988801,431.9275306638104
train_trace_313.pkl,1,[1],2,0,-1.0,-0.08691979385702582,0.774302052004615,1.99993896484375,-2.0,0.7791653985532888,0.07378953709426316,1.2071197572794794,0.48128055692470006,1.99993896484375,-2.0,1.2995264841041982,0.05103932782050179,0.036515915255057735,0.36530084029140364,1.998046875,-2.0,0.3671213913469496,0.11557387950525336,1.4295794511939421,0.6220518546708717,3.4641016151377544,0.03360371996178065,1.5590528910769657,0.053245503547874794,2496867675.0442348,185633747.282837,1.7264128556658915,64.48385945855179,-0.47609787856343244,55.037705693664,-5.139221251570458,187.4441531539285,-0.7110046107862422,433.33441796283785
train_trace_307.pkl,1,[1],1,2,-1.0,-0.9778081781761301,0.5199841410962449,1.99993896484375,-2.0,1.1074711464863192,0.049652774162649536,0.1050295952894321,0.27217482771241136,1.99993896484375,-2.0,0.2917367867221114,0.07966932855789353,-0.11516009547919726,0.24608562506506326,1.954345703125,-2.0,0.27169832987053993,0.0641769133861547,1.0603708713604638,0.5109171074170021,3.4641016151377544,0.012258193565071476,1.177039793499398,0.04852832467437817,825742871.2294137,220768487.75436398,1.8335296800363239,50.16528645206039,1.247269857452052,41.02884847635043,-1.271888253769437,37.28906723038287,0.34039198865736403,431.3357239296009
train_trace_111.pkl,1,[1],1,2,,0.9817076811347358,0.3350161379540044,1.99993896484375,0.05615234375,1.0372973459372952,0.037084232699659325,0.08953874140936524,0.21058668733294172,1.40966796875,-1.390380859375,0.22883168289167333,0.06359278426477345,0.16630085007327605,0.20557463228964287,1.598876953125,-0.660400390625,0.26441804434666727,0.07260811900241854,1.0370013154001354,0.3505636846823937,2.6671073501792875,0.15227565710802454,1.094653655344789,0.03574926967120034,580008011.3304727,110960744.46201165,1.8315177021495623,22.77297097500303,0.04987108227945399,28.727455223823302,1.622051471810731,34.70028139488111,-0.3400829066515961,431.09015486869674
train_trace_105.pkl,1,[1],2,0,,0.040584835022323684,0.950874915118834,1.99993896484375,-2.0,0.9517406332799073,0.07007177920312728,1.3322981999642038,0.5247533075380737,1.99993896484375,-1.39306640625,1.4319163828240828,0.04929063275782663,-0.35466495406961884,0.4258308436579555,1.99951171875,-2.0,0.5541833063668112,0.10482684250137606,1.654752951445686,0.7246423719142346,3.4640311381684463,0.06848133651534362,1.8064644744615643,0.046100445952169666,1555028539.2397518,242641034.81193602,1.9978638586317863,31.811058501725164,10.539060184031745,66.18886566114136,-2.703797808660182,230.63749958738907,0.6096179668719952,433.58132717690444
train_trace_139.pkl,0,"[0, 1]",2,3,,0.01223369032422616,0.5365459122117574,1.99993896484375,-2.0,0.5366853632158193,0.07000454991124469,1.1343902553471128,0.42257655495449853,1.99993896484375,-2.0,1.2105421084058579,0.052663620575852145,-0.2641473705800609,0.3591808096878828,1.998779296875,-2.0,0.4458527642982637,0.07906592244644242,1.2933773015150218,0.5285860560702671,3.4641016151377544,0.06146819041026026,1.397221551059888,0.038808820419489,2268099129.9452324,482828905.8736375,0.0025676445417288944,55.48454934724955,1.9023475384915118,49.12071831583652,-3.195834308969636,162.69262167294644,0.6017449280304578,432.9678579415965
train_trace_138.pkl,1,[1],2,3,,-0.08269362989211304,0.7724488877270967,1.999939,-2.0,0.7768626137069299,0.09144557303725014,1.1862116684323374,0.5497455738437307,1.999939,-2.0,1.3074090095627313,0.07405692442587904,-0.3615304829715806,0.6174300973274953,1.9995117,-2.0,0.7154887946037344,0.08488419061505571,1.5280897664650686,0.6997854811937745,3.464066397129391,0.08055678749285769,1.6807016552811713,0.052766913293203155,1971030070.0385318,153657690.84684977,1.9359442754199578,105.9474291076458,13.419673098010426,75.504770824126,0.6598244742208387,181.76244383367583,7.557302220266119,485.4350353640235
train_trace_104.pkl,1,[1],2,3,-1.0,-0.11737934822744742,0.8825404056032677,1.999939,-2.0,0.8903120121129898,0.09796835954555166,-1.180873391230124,0.5938467590993639,1.999939,-2.0,1.3217851336008253,0.08364376155396806,0.10389998003067638,0.4086612919992348,1.9968262,-2.0,0.4216624923192229,0.16176948730573076,1.5012891690807955,0.680956317652157,3.4641016151377544,0.007163769961908233,1.648505588631622,0.07167872769329382,1632032815.192435,492671422.5424251,2.0219042297879604,72.6193560974317,7.937014024325962,71.03910604263297,4.669195406285551,219.6356047805662,1.0125238782530661,480.64312824553843
train_trace_110.pkl,1,"[1, 3]",1,4,192.0,-0.5729864941274688,0.17403296509909902,0.200439453125,-2.0,0.5988330279749707,0.042845973416731825,-0.4641056486604028,0.2720369208506542,1.1806640625,-1.527099609375,0.5379573769588055,0.018355686533950803,0.5367378311215959,0.27654802211612817,1.99853515625,-2.0,0.6037932658563337,0.025729235580682023,0.9822498450670681,0.21851930023970156,2.8165350049940243,0.09393387881549953,1.0062631080942637,0.05997473988091658,101468022.39349627,50445538.509178385,1.9476657764461613,28.825716842890806,0.96004719546981,18.208433684088643,-0.47979912820277165,17.702793147257413,-0.8831332517275909,426.57664065826503
train_trace_306.pkl,1,[1],2,4,,0.07216992214385994,0.9318236383712383,1.999939,-2.0,0.9346142469969431,0.09467412170738615,-1.066924757420941,0.591461318943405,1.999939,-2.0,1.2198995572603533,0.09569167182435197,-0.6046054541813392,0.6482986240261237,1.9934082,-2.0,0.886475527659951,0.10527972138009169,1.620077210072793,0.7230818868125604,3.4641016151377544,0.07959920320485872,1.7741188183528342,0.06002496669359153,1754520856.140415,170928454.18278354,1.8152586882826063,83.66167105080848,3.576713432343897,130.5784855220381,3.66361047138635,167.3527685138924,2.728970437303374,476.1403824882085
train_trace_312.pkl,1,"[1, 0, 1, 2, 1]",2,4,,-0.10172789703380745,0.7479191083850047,1.99993896484375,-2.0,0.7548056423493014,0.07127861007898718,-1.1600050484368005,0.5652595928822682,1.99993896484375,-2.0,1.290399209448104,0.06189838618952172,-0.011284251677882672,0.4806402132058791,1.9970703125,-2.0,0.4807726582143817,0.10189109750204003,1.4274187324269536,0.6545836758350947,3.4641016151377544,0.031437312464979446,1.5703515613878174,0.04618017318555255,2125140642.6462564,428420815.03962415,0.0031674387548942294,59.92357070271618,17.943610617953993,76.49945570671126,2.0705271559019085,200.00377519573232,-7.784521886492156,429.7195722818857
train_trace_299.pkl,0,"[0, 1]",1,0,,-0.7358541133461496,0.28355874249433344,1.575927734375,-2.0,0.788598019635743,0.05708840409977377,-0.25581219786816245,0.3059985659785919,1.99993896484375,-2.0,0.3988420777188567,0.08329029395290644,-0.5923424672814055,0.3170468976187381,1.983154296875,-2.0,0.6718543992820837,0.08822224323675538,1.0395438337857434,0.3894852898444797,3.2250750810178137,0.047771776596230504,1.1101126849861682,0.05126899491529122,874457465.7315612,301300633.2573182,1.8365192648768456,40.91061059278432,1.6313612572085703,57.93555191390004,-2.5403324230201196,39.08181355299024,2.037402748839593,431.6605368179934
train_trace_272.pkl,1,"[1, 2]",0,1,,0.4014256555412815,0.534723397226119,1.999939,-1.9064941,0.6686341813486575,0.022332142146023495,-0.883701276592272,0.6389647726528285,1.999939,-2.0,1.0905062709320346,0.021609046037118933,-0.0026704543612774546,0.2830658882444782,1.935791,-1.2077637,0.2830784845482452,0.03353489200716808,1.1847750631495317,0.559211117166885,2.990004281751187,0.1535524161409259,1.3101179427150873,0.021001226119489014,786703460.3030885,92180385.50261205,0.0020966821947759175,59.31449407746233,-1.8011017354252392,61.94874619694285,-4.577871136382493,102.27767296028696,-0.23669511899281084,487.715276634989
train_trace_266.pkl,1,[1],0,1,,0.2701619897732412,0.15219284001353506,0.9033203,-0.44384766,0.31008089471881745,0.03321235189598403,0.9349069423748549,0.37886779200272735,1.999939,-0.34448242,1.008757550017705,0.02074929895327197,0.37374079625352424,0.14634474121593305,1.0537109,-0.028320312,0.40137135680785274,0.03375129472593915,1.0608675585430705,0.38652418460425764,2.198671373897626,0.15020284479964746,1.1290885359674512,0.02069877306296368,958700342.341501,84520157.59426087,1.8810465533913523,95.31521472883908,0.021967401562567254,44.680162485933735,1.7679011956903292,29.253116395888146,-0.4454591913382259,480.29744441007864
train_trace_058.pkl,1,[1],0,0,-1.0,-0.28251300761150366,0.2733512322408902,1.580078125,-2.0,0.3931087580267204,0.03173092327845369,0.8768166546654788,0.4635371759087039,1.99993896484375,-0.8232421875,0.9918034882718341,0.023004212569856092,0.11419402560796611,0.39316751604912165,1.60986328125,-1.703125,0.40941540171418705,0.030760241633760874,1.0814802894173527,0.36909349729849894,2.4430199378945368,0.06166520512197779,1.1427290256864389,0.023890077371808767,646505719.3373331,83665731.60392319,1.9912121913206944,52.63505959659338,-0.2910601934564128,75.77967916659135,-0.2004382693724408,88.94375862630905,1.9497362350813585,453.28389000274024
train_trace_070.pkl,0,"[0, 1, 3]",2,1,,0.02654400632010265,0.5089475989228682,1.99993896484375,-2.0,0.5096393261129623,0.04962635130232895,-1.0732906961016666,0.4136630902590277,1.99993896484375,-2.0,1.1502478300701326,0.025812796762517434,-0.03531794779903117,0.2020865133907055,1.972900390625,-2.0,0.205149497516194,0.09097358259369433,1.174397927692548,0.495659295347639,3.4641016151377544,0.028213826946646953,1.2747111945978469,0.024345610937789707,1420859651.4248204,82319899.47732827,0.0016138090169336287,23.237175791476837,-4.210094229015368,34.151098542893976,2.2217677852099715,119.47772778106768,-0.6612931222865216,440.2680054988241
train_trace_064.pkl,1,[1],0,3,,-0.1529463076266341,0.14491811503166252,1.180419921875,-1.817626953125,0.21069844109758185,0.0434709351305813,1.0033334876634263,0.4130609902505458,1.99993896484375,-0.2490234375,1.0850333954001676,0.02692898557906735,0.36049049104012426,0.1185336691457141,1.9404296875,-2.0,0.3794780953513595,0.04326279795827345,1.1024902638486729,0.3875695359350975,3.323815085358259,0.13539441243733247,1.1686295080418185,0.025719807720897964,639244378.5875734,80040989.02089427,1.8692589177256995,23.819623517993623,0.4686491095448841,50.620082510681705,0.16364906086000683,102.27887627708671,-0.928473480156857,432.1306333993653
train_trace_048.pkl,1,[1],1,4,,-1.0118104199953366,0.2875650120850014,-0.26171875,-2.0,1.0518811540219677,0.03561692023568727,0.029939645089451815,0.22814468037762792,1.642822265625,-2.0,0.2301007986354944,0.06304837542195735,0.09379439111885693,0.2819047475319117,1.78125,-2.0,0.29709876217579234,0.060903918875953,1.0694508308788735,0.32240182154906294,3.2128413883599083,0.29103456985970594,1.1169906061402963,0.028466476799956706,934723614.8986022,121157547.75340204,1.8598800271275147,37.83107915350442,0.6617234245834573,43.1216855708774,0.011581894071190656,44.45433464876331,-2.2531664852766213,425.47822962725394
train_trace_060.pkl,1,[1],0,0,,0.35053100270191634,0.19886464774116785,1.999939,-2.0,0.40301257049430805,0.030744558660993564,-0.9524773691623671,0.2895473160862232,1.5805664,-2.0,0.9955153374103279,0.02654029805462649,-0.15574777650405336,0.155041958235834,1.78125,-2.0,0.2197620956843073,0.02550006862624701,1.067982309017866,0.2473440626335211,2.754076918307564,0.19178112613151221,1.096250563372803,0.026063526233285898,496713752.498344,49840861.08237032,1.7517153136530466,36.441284637383184,2.2568287148669963,70.2669952644486,-1.2357279007041941,83.25409506091829,0.07983903269353186,480.8090337047984
train_trace_074.pkl,2,[2],2,4,698.0,-0.10462015244133475,1.2165998644243952,1.99993896484375,-2.0,1.2210899256051149,0.09549955160233532,-1.2847735358890293,0.9568600727759347,1.99993896484375,-2.0,1.6019438933350838,0.09623162942220759,-0.10948087655956888,1.0296242193358187,1.999755859375,-2.0,1.0354284598054786,0.09592049634876187,2.1380669693088317,0.7470385357754743,3.4641016151377544,0.01841441891907527,2.2648171977409164,0.0954263438203481,381210658.2949151,134906188.80172357,0.02564948055080792,223.8726265701963,-10.605875464868056,157.96423594524668,14.044074118573704,269.02285753418676,-23.293208657037113,427.100418018552
train_trace_262.pkl,1,[1],2,0,,-0.10774579017669508,0.9363535247863122,1.999939,-2.0,0.9425322693046384,0.09467909697089111,1.2406739214475018,0.6011359802996339,1.999939,-2.0,1.3786356466342815,0.05325051072787797,0.1278896712350479,0.481001729988333,1.9897461,-2.0,0.4977132028190309,0.10188632286297974,1.5806413143433358,0.7336857586887076,3.464066397129391,0.12069661538562569,1.7426192232130497,0.05192313675062998,2015866685.134939,171261814.1937272,1.980588164652873,58.60184531247626,1.0086127231398603,60.33794096551081,-4.911699645844876,219.1708530080497,-0.46480380333375837,484.6175477917325
train_trace_276.pkl,1,"[1, 3]",2,2,,-0.20324650513942258,0.660684991137241,1.999939,-2.0,0.6912407680145937,0.05488141540802179,1.0432807374187851,0.6256735827440312,1.999939,-2.0,1.2165122807488775,0.058525453050807946,-0.06213998763262723,0.5243035721936486,1.9995117,-2.0,0.5279731185183614,0.08229144939450081,1.3383919560681368,0.6672169919811338,3.464066397129391,0.018738488631233344,1.4954837152093114,0.0508447541808277,1052050614.402735,151282354.81788486,0.0024551203698182514,82.56306867716636,-0.14363732114121966,57.630224519642965,-2.8681625874427517,150.3768876924152,-1.6502611221417842,478.6311951102956
train_trace_289.pkl,1,[1],2,0,,0.04933563884379558,0.9171298082174483,1.999939,-2.0,0.9184558184153981,0.08860161991095854,-1.266880476683454,0.5323535775116125,1.3901367,-2.0,1.374185749340717,0.048532961433245723,0.15170334106232075,0.45408426687270526,1.9978027,-2.0,0.47875507841775733,0.10723595987770208,1.5723733690049952,0.6991394550637807,3.4641016151377544,0.09441142524373168,1.7208003920219799,0.036067156573512844,1806292836.8544896,73637730.80966276,1.8244028672304786,35.51788078695372,4.878708722430601,53.126247772820264,-0.5691531895500772,196.48401097500764,-0.8877196974032889,483.32981093642724
train_trace_316.pkl,1,"[1, 3]",0,1,,-0.1930770273332472,0.32236828470214646,1.99993896484375,-2.0,0.37576595038088223,0.04224880528414452,1.134230608754344,0.6109971706158891,1.99993896484375,-2.0,1.2883309420858722,0.02165200539778204,0.005628129414149693,0.5489993795932698,1.999267578125,-2.0,0.5490282275388921,0.016244077151756815,1.3900002260188666,0.41270816820547235,3.4641016151377544,0.10390041019406455,1.4499753999416736,0.033238973609716005,454149500.6714618,88439651.1338675,0.0020294884628348827,98.50041577914338,5.456518662440312,171.514962699491,4.012018209928042,185.98354331452828,-5.13541791346166,432.4607632668855
train_trace_302.pkl,1,"[1, 2, 0, 1, 2, 1, 2]",0,2,,-0.43313088180995224,0.6188007462234476,1.99993896484375,-2.0,0.7553255750364622,0.018956466135170536,0.7570401553667024,0.6346812404112427,1.99993896484375,-2.0,0.9878917318044497,0.017667261419775367,-0.32655383824515266,0.4180991843230562,1.68701171875,-2.0,0.5305132771234347,0.02755803999628709,1.229586377403347,0.562146311719749,3.4640663768323336,0.04581329890409367,1.3519952423274288,0.0231541166884972,1035212214.7012408,192452182.50694498,0.0061952237513052495,46.42834772509449,1.191551378457853,79.26976645771275,1.0338630613320732,103.3911162810628,-1.258781640836508,427.85690252199066
train_trace_128.pkl,1,[1],0,2,,-0.20350530826242616,0.18262207582601309,0.571533203125,-1.676025390625,0.2734323189931782,0.039332549276220964,0.9712235564624244,0.41583827224634706,1.99993896484375,-0.450439453125,1.056502089582575,0.03354939117670466,0.062118858419438844,0.13091972361843623,1.00537109375,-1.2255859375,0.14490937376050597,0.056275257102938445,1.0333479774501904,0.3796743110425004,2.1203450388439165,0.21573992997203456,1.1008908324470672,0.03323105219874963,719661778.8518105,180829902.07201383,1.8006480874147153,22.75555687314742,2.0302309447516813,60.388624248447805,-1.0497537655012716,46.11839150498595,0.06348990962271914,431.9811206031288
train_trace_114.pkl,1,[1],2,0,-1.0,0.09760704393860115,0.759406068182139,1.999939,-2.0,0.7656531273483362,0.07305190530113502,1.2126276322495897,0.5077206551258732,1.999939,-1.7561035,1.3146277184574697,0.04417173605807635,0.16344130432102053,0.34764526384703853,1.9890137,-2.0,0.38414878554205206,0.11234298053880389,1.4299988048846501,0.6458672131459258,3.464066397129391,0.11015829547843241,1.5690892386949868,0.03885216689050992,2353998484.1702785,118530728.54711393,1.8706264076167765,28.06895626450431,-5.905894617156522,51.2034688552201,-10.410218029028028,184.90079962757054,-0.40649991910510885,482.72349746465693
train_trace_100.pkl,1,[1],2,1,-1.0,-0.13671307970876334,0.8358707466327763,1.99993896484375,-2.0,0.8469771964107946,0.07076497985588895,-1.1394671234999327,0.526001324129053,1.99993896484375,-2.0,1.2550150272099247,0.062227516772971316,0.03834900821304574,0.3708980608593252,1.996826171875,-2.0,0.37287533839090503,0.12263503172594081,1.415095049648178,0.6549619135522078,3.4641016151377544,0.01581458470771645,1.55931687214073,0.04702222884041066,2429399590.4938188,225529766.73304844,1.9170047855845531,48.05305526076136,4.484316878252516,63.043611440191945,2.1489815551030724,196.53999086825314,-0.7867050675821967,435.75108186197247
train_trace_101.pkl,1,[1],1,1,,-0.47929461370291737,0.3613095628143724,0.55322265625,-1.9755859375,0.6002232308947577,0.049735978912216164,0.1225966662289749,0.19700928789538044,0.9697265625,-0.83447265625,0.23204008724249256,0.07370553384809676,0.8655563842839654,0.37090193929808685,1.999267578125,-2.0,0.9416772817424308,0.04098895603603909,1.0457296355457746,0.45531984503682676,2.7822260697626473,0.13582186110246988,1.1405554050299611,0.04036174703135197,1073704829.5193125,265454277.3168372,1.7854084755117252,38.84955808289672,-0.42547156631639405,27.888604976229896,0.7872414647126411,22.78211357154198,0.08305812677394286,432.7602797445014
train_trace_115.pkl,1,[1],0,4,-1.0,-0.48669396618277466,0.3540113515072991,1.99993896484375,-2.0,0.6018264315521081,0.03084753605305776,-0.7754519598301646,0.603575012218437,1.99993896484375,-2.0,0.9826640002457248,0.01765164563036083,-0.06104300843875049,0.421532933737179,1.90673828125,-2.0,0.42592988050185715,0.016949007309152293,1.172082741335297,0.36805149322063047,3.4329565452944544,0.07617265749798398,1.2285112348684486,0.035834554381635436,605260287.4866966,142036103.80072337,0.0017156071904443656,58.90719457691785,4.4163718823704095,114.23945793663871,-2.548848892977573,142.2707290428587,-0.41489121290896736,425.7700776028548
train_trace_129.pkl,2,[2],0,1,766.0,-0.8561648547248275,0.9272210465479982,1.27294921875,-2.0,1.2620448199757208,0.028096031225289794,0.5633518973718903,0.9999472966388847,1.99993896484375,-1.890380859375,1.1477194588957367,0.024832180891333974,-0.27166798259175484,0.367667528732332,0.618408203125,-1.99993896484375,0.45714648029883614,0.04051212167095678,1.6191473726484313,0.7052388063987748,3.4640311381684463,0.0371976104584141,1.7660690780388764,0.027524016218307846,690459652.1636963,131603977.03394252,2.6237789639536877,131.40291744820084,25.913752457014162,124.07710899348896,29.351060387263548,128.5905444194631,-4.805044017601784,434.95267519644443
train_trace_303.pkl,0,"[0, 1]",1,2,-1.0,-0.872626262155139,0.3649714011906951,0.026123046875,-2.0,0.9458756351074642,0.049579718969184665,0.4864367483115872,0.3289367237739324,1.99993896484375,-0.6708984375,0.5872138267744372,0.05405533634343642,-0.02332542589318897,0.22196351552964871,1.170654296875,-1.25,0.2231857471241819,0.08031598174960265,1.0682330699069928,0.3849555578524465,2.4938515881769816,0.10983343778691126,1.135479050077282,0.04600555103073626,906499371.1791072,118055629.03785957,1.9923342624441023,41.37947783580797,0.763866703519937,47.370076972551935,-1.7101621096916044,37.196371587678115,-0.4015192087845281,428.91139637498605
train_trace_317.pkl,0,"[0, 1]",2,4,-1.0,-0.08719583576348068,0.8188545653302085,1.999939,-2.0,0.823484008913723,0.07703511169867126,-1.1551998955403138,0.5550978228158623,1.999939,-2.0,1.2816475301545514,0.07541434194507309,0.11323986674169356,0.3616945454512272,1.9929199,-2.0,0.3790068754374337,0.14566014624272708,1.4308393334935066,0.645826073989416,3.4641016151377544,0.018049902828726393,1.5698383726093346,0.05995354291305355,2341462833.945556,492120642.950014,1.988356875797718,60.23823548110868,5.117261620400993,61.023131191715116,3.5833895326707546,203.78303060733793,0.05626461562537312,477.46863602314994
train_trace_288.pkl,0,"[0, 1]",1,4,,-0.0320576618649259,0.27738266969299874,1.82470703125,-2.0,0.2792290083968018,0.08785876613405635,0.9189594493192785,0.4165479706709312,1.99993896484375,-1.375244140625,1.0089592069867157,0.06773890687655199,-0.4677838528070928,0.35187314463014435,0.574462890625,-1.99993896484375,0.5853515549299877,0.04560969403423798,1.1013265839215887,0.47506180534755893,3.1656366841598613,0.016211011036166043,1.1994181770143715,0.04410048522818009,1070108831.5122607,177381039.64719057,2.0751991268494234,32.5172669903688,0.2518595896727179,38.49965224099657,-0.01890746693287809,26.446095697910362,0.97561511835422,424.0560817491123
train_trace_277.pkl,0,"[0, 1]",0,4,,-0.3000269883643317,0.13742686648554592,0.348876953125,-1.4130859375,0.33000354146434085,0.03540947557205815,1.0407153607446167,0.3189845628305747,1.99993896484375,-0.6044921875,1.0885033823622279,0.024396398669778926,0.07454109219397756,0.11435285677300734,0.710693359375,-0.57080078125,0.13650256509538197,0.037752683423606916,1.1013390387345825,0.315320825239663,2.162906227654923,0.2931836166824008,1.145589324789052,0.02284627655260051,498929975.98202723,69758017.24568477,1.8185422854136633,33.756048321498504,1.062197365516712,72.80197868937553,2.417210150555732,129.0972633836958,0.10591024276414361,426.61928020036873
train_trace_263.pkl,1,[1],2,0,-1.0,0.06191948488238107,0.8246454191922488,1.99993896484375,-2.0,0.826966801028227,0.07564499582945841,-1.2752926401207647,0.4603689370790373,1.995361328125,-2.0,1.3558432343650475,0.06132134262677008,0.14427038884122673,0.2874073217018458,1.943115234375,-1.99993896484375,0.3215850022377086,0.11369759259081715,1.5019222587619112,0.6081376558609719,3.4640663768323336,0.07429741154265387,1.6203709081073256,0.04814818365722942,1521398631.4710393,277326115.47514266,1.990953305775328,32.34642100762485,4.673238363088979,57.0740735816081,3.1286648655069405,198.05447008885417,1.0397586743512353,433.6379031800615
train_trace_075.pkl,3,[3],0,1,-1.0,0.009801205525821343,0.3999933124624586,1.999939,-2.0,0.4001133759879186,0.11525834849340276,0.6442907557403924,0.38388104472072027,1.999939,-2.0,0.7499834894371994,0.08376722497543024,0.653570399199019,0.34977845731315255,1.9941406,-2.0,0.7412821567456847,0.17364029860109154,1.0955545648853622,0.268002573385454,3.464066397129391,0.07590614340987717,1.127858671989705,0.17920247579616502,17948800.527222548,15359571.832116319,0.0995417278980414,27.490124645980785,-0.15157518517934512,37.678863037964156,-0.1293621398209476,24.455981410745263,-1.8747443969260835,482.2889164260655
train_trace_061.pkl,1,[1],1,1,,0.022991785942522786,0.20240100118418425,1.2111816,-1.138916,0.20370269389771686,0.049278277839389956,-0.00416671984627794,0.3006228442469606,1.8986816,-0.9584961,0.3006517188332868,0.0548061795579398,0.9318889445344912,0.3238902706470689,1.9970703,-2.0,0.9865707842650924,0.041454964365236976,0.9940496348351414,0.3421600201486984,2.7658638650529785,0.10112521338215164,1.0512888070858721,0.0303647727370421,649809232.8018954,80279643.72067307,1.9042048903465312,21.637671914076428,-0.28449219682087346,38.21979577256847,-0.3289479838764702,22.389403178822896,-0.3957392921186383,480.6970787954267
train_trace_049.pkl,1,[1],2,1,-1.0,-0.057121813738787615,0.7158466228587322,1.99993896484375,-2.0,0.7181220572180336,0.07316414478506779,-1.2064394623556254,0.49863144517216185,1.99993896484375,-2.0,1.3054231093570428,0.05942175479749072,-0.02507093029257692,0.4245411608962048,1.993408203125,-2.0,0.42528078823388255,0.11576478213566463,1.4257050256177455,0.6066776015938,3.4641016151377544,0.05217874053721777,1.549416836215259,0.0465821495536231,2479514780.251851,133525890.11924744,1.8716960266690623,54.941286401670844,18.11547915140788,67.1682880918351,0.30909644232855904,188.79772753910459,-6.475241861225646,434.9613804825762
train_trace_077.pkl,1,[1],1,0,,0.1840566003144677,0.2724122935474551,1.99993896484375,-1.3427734375,0.32876327318468007,0.0841239190664092,0.3827206654335136,0.3844157103598652,1.99993896484375,-1.46337890625,0.5424486575901458,0.08126941482663085,-0.9248887543180095,0.4416720655944668,0.147216796875,-1.99993896484375,1.0249358133026685,0.0438810063526712,1.0952647940803135,0.5032139586250232,3.413767263928595,0.13959059150765596,1.2053336705273183,0.04408623214768795,1043411872.1974516,175165492.07521343,1.8746572525495235,74.37057314792801,-0.04608339338160273,37.938877422782205,-3.191525615862946,48.221167673369116,-1.5135513134856722,433.0131994303851
train_trace_063.pkl,1,[1],2,3,,-0.6182411398442146,0.9439984103094586,1.99993896484375,-2.0,1.128430372536409,0.08052638977497593,-1.1028351245866927,0.7157105165441116,1.99993896484375,-2.0,1.3147193067396497,0.0741898160663502,-0.25397646748895875,0.6110978415688323,1.997802734375,-2.0,0.661773842039904,0.12027595454103093,1.695441392166411,0.751841116801763,3.4641016151377544,0.10406062768849858,1.8546661638108621,0.04884352123184723,1690145128.6380248,403249291.45083886,1.0068731174421282,85.1993965802152,2.4428412163546342,84.4394859039915,-3.1500984640682446,243.66823554241807,1.2784939736230976,433.7326242344388
train_trace_088.pkl,1,[1],1,3,,0.5998881448785057,0.43879475143558705,1.99993896484375,-2.0,0.7432406206964159,0.039706127315606285,0.18486308476285793,0.2196470728877415,1.99993896484375,-2.0,0.28708743744056864,0.08390976916265573,-0.7770791232360164,0.30402938636596316,1.207763671875,-2.0,0.8344374341694649,0.053742230171045825,1.0807501659659529,0.4038449297654627,3.4640311381684463,0.01126755933517024,1.1537381195629735,0.039723661485319514,693193485.8821017,199210617.62502098,1.921077720717848,71.4876712078613,-0.07571764724052944,106.89534933572976,-0.98706629487304,65.35070370417314,-3.537294021544374,433.67290291161055
train_trace_249.pkl,1,[1],0,0,,-0.2382697222294627,0.19628774701102025,1.00341796875,-1.72509765625,0.3087091513997724,0.027813198086344592,1.0854364650566568,0.27365096480185824,1.99993896484375,0.1142578125,1.1194003618954564,0.0388483552726192,0.12708173512790738,0.11219830891860164,0.7158203125,-0.746826171875,0.16952353207538348,0.055396297326059656,1.1394136639895776,0.2807725780962346,2.235991166894932,0.24005480001585186,1.1734976515941393,0.03530099805374726,313150894.86205745,65833756.05798565,1.9016263075098372,42.36932802983063,3.731764465556735,85.46721280896959,1.5511481303674235,143.38728968173623,-0.9531232363096244,433.10377992480113
train_trace_275.pkl,0,"[0, 1, 2]",0,2,,-0.2929904013439225,0.4480842439105349,1.99993896484375,-2.0,0.5353717072469824,0.027484220541985342,0.9115224435951459,0.6077686080955307,1.99993896484375,-2.0,1.0955618860493663,0.02197866050741217,-0.041153373031128565,0.31902582899010434,1.996826171875,-2.0,0.32166920846525315,0.03065100705263693,1.1675577628154117,0.47661164615305696,3.4640663768323336,0.052847282196870855,1.2610907147224801,0.02145570493684585,1207452635.0220957,216018180.5273253,0.001453443996926211,80.86158387639196,-0.4121582013517532,137.30879161154013,-0.5682581181722903,123.59498276136448,0.8263145194089669,433.3724188539319
train_trace_261.pkl,1,[1],1,1,,0.5092666106997931,0.2694241387432732,1.99993896484375,-0.4580078125,0.5761439466931932,0.07369839396754459,0.3590897977447918,0.32040400709269506,1.99993896484375,-0.956298828125,0.4812527512705265,0.09413576372325023,-0.8142372835237965,0.34689905914740043,0.2734375,-1.99993896484375,0.8850544113881152,0.0453522140483902,1.081342017391682,0.4213867706246975,3.015613705361912,0.18727511589180126,1.1605461511866833,0.04930243457447254,863025953.0494542,172684428.39356726,1.814080213778606,60.35003424486738,0.26714986955410797,26.738753030430022,-3.111519913144717,32.05381892178928,-1.8039920716982956,434.0441276840662
train_trace_329.pkl,0,"[0, 1, 3]",2,0,-1.0,-0.12626888515712978,0.39810858801360754,1.99993896484375,-2.0,0.4176533002491573,0.056798001819153086,1.0316745135051104,0.45653459824879083,1.99993896484375,-1.958984375,1.1281738080695682,0.03522804383292667,-0.1508056903221393,0.19243391720963604,1.947998046875,-2.0,0.24448551843858166,0.08723272165514055,1.1389674888147643,0.4579701393894326,3.4640311381684463,0.005015292623089389,1.2275925990121421,0.029048698439282157,385818089.9968108,28856256.98017445,0.002889029446630092,18.708167245989923,-1.1257699026635184,37.31079828803142,0.2001473578164252,102.3528150372096,0.21448089113189212,421.18095739023676
train_trace_301.pkl,1,[1],1,2,,0.4138458639985158,0.2702428932804607,1.99993896484375,-0.48974609375,0.49426675036590567,0.07515029123308932,0.3427926576396112,0.3203993984704164,1.99993896484375,-0.8291015625,0.46921485555322345,0.09517665647584589,-0.8680863710687333,0.39380937583902315,0.25,-1.99993896484375,0.9532364723057987,0.041389691377069715,1.0795572247038048,0.45571720607513533,3.3497222353102885,0.15460329172003082,1.1718028730648804,0.04420385381314335,820321035.4034091,163142502.1370955,1.8998644279690124,60.51063789149785,0.5962488806417119,31.40629082502076,-2.842793147244735,34.08790758495025,-2.2130977599230293,431.0546712349277
train_trace_315.pkl,1,[1],2,0,-1.0,0.015087077426536335,0.6510724970821115,1.99993896484375,-2.0,0.6512472774315532,0.07021315380892217,-1.1116211975674675,0.4022470215798566,1.99993896484375,-2.0,1.1821608829813295,0.05188356056748823,-0.048473852687614324,0.2931617518975663,1.992919921875,-2.0,0.2971422675588762,0.09122052713295241,1.2843408882528091,0.5102836265697955,3.4641016151377544,0.03782919396990046,1.3819988772727847,0.04807432411196389,2690589317.8730273,184821949.39746577,1.6965779100290022,47.03260323849424,5.378458133756209,55.10019169680753,5.167860890326816,165.29540598868257,0.7675106252305622,435.3060266787037
train_trace_103.pkl,1,[1],2,4,,-0.13034680896642764,0.97749307783826,1.99993896484375,-2.0,0.986145530755702,0.08541687927339524,-0.974113676129301,0.6192733255528206,1.99993896484375,-2.0,1.1542949821269217,0.0764250320327471,-1.0267186683909468,0.6442341933279104,1.994384765625,-2.0,1.212101035341255,0.08898867231350138,1.763904448410736,0.814069978776392,3.4641016151377544,0.09510021645795093,1.9426962792645117,0.05222755156421857,1688091049.2851582,591214502.6835891,2.1308896998699667,63.50916230754647,-20.186363353092542,186.33185372102076,-1.500980774446219,183.1856845063408,6.774664790260083,420.37978959439806
train_trace_117.pkl,1,"[1, 0, 1, 2, 0, 1, 0, 1]",1,0,,-0.35271722380308806,0.3722592330707865,1.99993896484375,-2.0,0.5128219735676386,0.038283314493610714,0.30954527412293015,0.3084303769574767,1.99993896484375,-1.921875,0.4369754846235326,0.06708937514504092,0.7264821834657874,0.4249599526600911,1.9990234375,-2.0,0.841645604906296,0.03949604365824993,0.9968640996482813,0.4105645403907718,3.4640663768323336,0.032320751914729585,1.0781007721886966,0.03552098695193251,1147552943.103817,162629271.7095489,1.7779243222453265,35.401326205505804,0.811343479190762,40.97595831535417,-0.5676610153697182,33.49781358235951,-1.7719492682126743,431.4713609279835
train_trace_116.pkl,1,"[1, 3]",2,4,168.0,-0.22710181359006903,0.655698316598377,1.999939,-2.0,0.6939131906267842,0.07690137917724432,-0.9232701987567655,0.4435819011068182,1.999939,-2.0,1.0243011094897323,0.09851690197301029,0.03818978328566864,0.2696377065370046,1.998291,-2.0,0.2723287578166179,0.19736041212013242,1.1777641814341526,0.4666291507100935,3.4641016151377544,0.05758045071281374,1.266835123984839,0.09810121884232248,153740327.24875477,67997723.09236085,0.0029661709119013944,31.46556428008595,1.945974482178949,39.060135509007715,-1.315127075255834,90.11248315449635,-0.030172568098975477,498.96086176421466
train_trace_102.pkl,1,[1],1,1,-1.0,-0.9319758988072223,0.35231443115919053,-0.100341796875,-2.0,0.9963455898234075,0.043658732187078636,0.024034813172522738,0.20488930684140122,1.12646484375,-0.950927734375,0.20629420811595253,0.07104899049096244,-0.3123039416653654,0.2681604071488591,0.387939453125,-1.99993896484375,0.4116354648739171,0.052233610349781,1.0295961192164926,0.38031226893047415,2.6745958584465788,0.1594262582964664,1.0975908120081488,0.034775405169602806,756960063.5649009,82255725.69555369,1.8759875561358663,23.558353979612136,0.8255061092043219,20.102565326054027,-0.9992347218125672,25.36458424859638,-2.2241056671400763,432.55762589693376
train_trace_314.pkl,1,[1],1,4,,-0.9552250380814284,0.36731731435619186,-0.094970703125,-2.0,1.0234143260691204,0.039256324824444036,-0.17943942458442463,0.2056212418941281,1.2744140625,-2.0,0.2729076807517021,0.075276998014884,0.17285102234698016,0.25167625429809026,1.8798828125,-2.0,0.30531690569621794,0.06989882029890425,1.0292074032544567,0.39472271154180677,3.038505856252064,0.1522249590070033,1.1023039045202998,0.03438535736460547,775653027.7000457,113514079.45597056,1.8477787141904543,31.34276755463695,-0.6571678043129028,29.123372236492195,1.5264729678222178,33.63894199364619,-0.9541205297704675,425.66299824703026
train_trace_300.pkl,1,"[1, 2]",1,0,,-0.13916961914427317,0.21765778298871172,1.0505371,-2.0,0.2583468470648,0.05368018334718177,0.9257574279199832,0.40843751316768834,1.999939,-0.26953125,1.0118537530254206,0.044047151635789226,0.34147926372553045,0.32982346722613565,1.9938965,-2.0,0.47475425968347046,0.04595549630657694,1.0608182097980614,0.436631931663716,3.2403260390641635,0.026244833650357954,1.147162899499261,0.03608506286580411,891851914.9051402,167113912.97958928,1.9283113313860663,51.37701709668601,0.5596495295547936,47.53428416160651,-2.7086986572719143,33.71956683730239,0.6317216703141618,483.6194574971763
train_trace_328.pkl,1,[1],1,0,,0.031627062935443276,0.22496887343514424,0.9375,-1.1630859,0.2271811284517278,0.06582577528944408,-0.9528097030439564,0.3715105534156305,-0.020019531,-2.0,1.0226761078239288,0.04551816762271539,-0.25727931745274335,0.23123942713421258,0.59033203,-1.3564453,0.3459253096411251,0.07985501500821204,1.0390761950460279,0.3707595816394745,2.2041983633233126,0.15633733244979298,1.103241590264258,0.037103860063592745,855714261.9993966,120360595.60414594,1.8498426068556284,21.098445250020436,0.016293817555525884,21.596502088045003,2.6971145419893534,41.959753676363476,-0.6528465474292959,481.0545742029377
train_trace_260.pkl,1,[1],0,4,-1.0,-0.2306360705145474,0.21358153289543366,0.255615234375,-1.98193359375,0.31434068813367844,0.039063804744598106,0.9235774170185929,0.4020506562289653,1.99993896484375,-0.471923828125,1.0072933909248474,0.029902260960848717,0.11171068588821832,0.13653577427875838,0.768310546875,-0.8662109375,0.17641228698567524,0.04677795185417876,1.0205598022168878,0.32098135259820765,2.1387938451606376,0.31228191395283117,1.069846408890897,0.031882490476607045,592983249.9349872,172621516.40910637,1.7429720580587447,24.226087561807976,0.2430054140024201,48.29694678821652,-0.8732257779431201,37.84063435139516,0.3758494916771004,428.4621300124259
train_trace_274.pkl,1,"[1, 2]",0,4,,-0.34998751466587047,0.7123149461898473,1.999939,-2.0,0.7936522179062047,0.011761401836548854,0.48382355920338077,0.46326982149051654,1.999939,-1.6384277,0.6698538377467746,0.019880343480591985,-0.8650324082368818,0.5509680598327542,1.9995117,-2.0,1.0255958610758766,0.017922946648170686,1.383786069081363,0.46429623324321484,3.463995960038493,0.16283173133537368,1.4596009307983773,0.02328451188480294,612941958.0397165,225041280.63880712,0.001701751107798783,89.05294756542058,-0.8295152426763089,127.71382227255873,1.0538620594914048,138.00761694006601,-6.0066588538919445,482.47571976351276
train_trace_248.pkl,3,[3],1,3,-1.0,-0.4990326959144942,0.28524966184760514,1.999939,-2.0,0.5748051854114236,0.1056174480832015,0.8172883122982735,0.29021444553438985,1.999939,-2.0,0.8672857717132189,0.0842112348961664,-0.20441863634017707,0.23492185466577042,1.8701172,-2.0,0.31140850451261426,0.11403184005923732,1.0426358067792967,0.304091173986557,3.464066397129391,0.03491467143789574,1.086075903275106,0.10918515028104069,11657287.839680772,15707599.253192812,0.0067303810310353875,39.284704508038025,1.7310729534663098,47.562824498396964,0.8987535633811256,35.299289010840006,-3.5329658513566233,491.0013066519315
train_trace_089.pkl,1,[1],0,3,-1.0,0.09571890370771542,0.16855817051146096,1.0,-0.503662109375,0.19384005100385637,0.028503974945796193,-1.1224013218863527,0.34541351970935935,-0.1669921875,-2.0,1.174348852330618,0.02524692845097567,0.2093464195305574,0.21994902926325785,1.180908203125,-0.3359375,0.30365029037383384,0.01812575283064322,1.178678587524486,0.34581711712813384,2.274597881221933,0.29625627390338577,1.2283617916507867,0.025401108166706817,559509439.9644141,51133737.888781905,1.9287499434928244,102.77574101008663,2.610718729758461,76.2892175911901,-1.1243362909035295,107.8226757460427,0.3775235792754647,432.0218051341237
train_trace_062.pkl,1,[1],0,0,,0.29349697661572044,0.17258475337449933,1.264404296875,-0.798583984375,0.3404790336862249,0.027577433287849718,-1.1085348423577732,0.3659891418016949,0.5341796875,-2.0,1.1673892018679608,0.021750058991905286,0.11463172546907702,0.145407048794759,1.04345703125,-0.431640625,0.18515842493178444,0.022796524094346012,1.1777896488272799,0.3547093267118187,2.385357869907587,0.23788594458975884,1.2300435615623697,0.0207446317366191,503603773.7569399,70615941.79552503,1.9049806579236999,58.20046211396405,-9.189564541461667,67.76313974885561,-2.111533716643866,158.91374850217701,-2.4393224747495594,433.45911240926546
train_trace_076.pkl,1,[1],1,0,-1.0,-0.9706129924234874,0.23326504384708913,-0.11987305,-2.0,0.9982495488314839,0.030159890902622687,0.14559325013853888,0.1369030460449266,0.8701172,-0.5786133,0.19984953965992122,0.04710424201698388,-0.056058854514482635,0.1529617686833901,0.4494629,-1.0598145,0.1629107051369764,0.029211218056406505,1.00490097393158,0.23055569974332168,2.0678018220524685,0.24943347097981425,1.03101013481574,0.028025376998636282,337983907.532864,247791205.80198944,1.6549577805108397,30.501776953675392,0.7355557214685559,12.074644948450564,-1.0306371507489789,15.851946685848395,-0.33239214093939073,482.6935174698242
